season,unit,metric,team,value,n
2022,offense,success,Air Force,0.552212389380531,565
2022,offense,explosive,Air Force,0.12920353982300886,565
2022,offense,epa_rush,Air Force,0.13441885283636687,487
2022,offense,epa_pass,Air Force,0.3155845706242709,78
2022,offense,ypp,Air Force,6.497345132743363,565
2022,offense,comp,Air Force,0.5,70
2022,offense,conv3,Air Force,0.5132743362831859,113
2022,offense,sack,Air Force,0.10256410256410256,78
2022,offense,int,Air Force,0.02857142857142857,70
2022,offense,turnover,Air Force,0.023008849557522124,565
2022,offense,stuffed,Air Force,0.07597535934291581,487
2022,offense,scoring,Air Force,0.46153846153846156,91
2022,defense,success,Air Force,0.44567627494456763,451
2022,defense,explosive,Air Force,0.12638580931263857,451
2022,defense,epa_rush,Air Force,-0.0880472852385171,255
2022,defense,epa_pass,Air Force,0.06724093120429653,196
2022,defense,ypp,Air Force,5.669623059866963,451
2022,defense,comp,Air Force,0.6129032258064516,186
2022,defense,conv3,Air Force,0.39361702127659576,94
2022,defense,sack,Air Force,0.05102040816326531,196
2022,defense,int,Air Force,0.043010752688172046,186
2022,defense,turnover,Air Force,0.026607538802660754,451
2022,defense,stuffed,Air Force,0.1411764705882353,255
2022,defense,stop,Air Force,0.7093023255813954,86
2022,special_teams,fg,Air Force,0.8333333333333334,12
2022,special_teams,ko_cov,Air Force,1.565217391304348,46
2022,special_teams,ko_ret,Air Force,6.085714285714285,35
2022,special_teams,punt,Air Force,35.69565217391305,23
2022,special_teams,punt_ret,Air Force,41.861111111111114,36
2022,special_teams,fg_epa,Air Force,0.33592677116394043,12
2022,special_teams,ko_epa,Air Force,-0.08354557856269505,46
2022,special_teams,ko_ret_epa,Air Force,0.4062928182738168,35
2022,special_teams,punt_epa,Air Force,-0.39501922124105954,23
2022,special_teams,punt_ret_epa,Air Force,-0.10805903706285688,36
2022,offense,success,Akron,0.4672727272727273,550
2022,offense,explosive,Akron,0.09636363636363636,550
2022,offense,epa_rush,Akron,-0.17057831854332503,189
2022,offense,epa_pass,Akron,-0.026218121010249795,361
2022,offense,ypp,Akron,5.34,550
2022,offense,comp,Akron,0.6545454545454545,330
2022,offense,conv3,Akron,0.3333333333333333,108
2022,offense,sack,Akron,0.08587257617728532,361
2022,offense,int,Akron,0.01818181818181818,330
2022,offense,turnover,Akron,0.02909090909090909,550
2022,offense,stuffed,Akron,0.164021164021164,189
2022,offense,scoring,Akron,0.25510204081632654,98
2022,defense,success,Akron,0.5101214574898786,494
2022,defense,explosive,Akron,0.15587044534412955,494
2022,defense,epa_rush,Akron,0.02590833165825906,277
2022,defense,epa_pass,Akron,0.27037323388128265,217
2022,defense,ypp,Akron,6.801619433198381,494
2022,defense,comp,Akron,0.6586538461538461,208
2022,defense,conv3,Akron,0.40860215053763443,93
2022,defense,sack,Akron,0.041474654377880185,217
2022,defense,int,Akron,0.014423076923076924,208
2022,defense,turnover,Akron,0.008097165991902834,494
2022,defense,stuffed,Akron,0.16967509025270758,277
2022,defense,stop,Akron,0.5252525252525253,99
2022,special_teams,fg,Akron,0.7142857142857143,14
2022,special_teams,ko_cov,Akron,9.28,25
2022,special_teams,ko_ret,Akron,12.325,40
2022,special_teams,punt,Akron,25.322580645161292,31
2022,special_teams,punt_ret,Akron,41.8,25
2022,special_teams,fg_epa,Akron,-0.2456000362123762,14
2022,special_teams,ko_epa,Akron,-0.628354663848877,25
2022,special_teams,ko_ret_epa,Akron,0.8613924071192741,40
2022,special_teams,punt_epa,Akron,-1.1274259450935549,31
2022,special_teams,punt_ret_epa,Akron,0.08313598215579987,25
2022,offense,success,Alabama,0.4897435897435897,780
2022,offense,explosive,Alabama,0.15128205128205127,780
2022,offense,epa_rush,Alabama,0.08822186388037037,372
2022,offense,epa_pass,Alabama,0.08277533191826941,408
2022,offense,ypp,Alabama,6.652564102564103,780
2022,offense,comp,Alabama,0.6288659793814433,388
2022,offense,conv3,Alabama,0.4520547945205479,146
2022,offense,sack,Alabama,0.049019607843137254,408
2022,offense,int,Alabama,0.023195876288659795,388
2022,offense,turnover,Alabama,0.02564102564102564,780
2022,offense,stuffed,Alabama,0.1935483870967742,372
2022,offense,scoring,Alabama,0.5255474452554745,137
2022,defense,success,Alabama,0.41160949868073876,758
2022,defense,explosive,Alabama,0.0870712401055409,758
2022,defense,epa_rush,Alabama,-0.09300644057877137,350
2022,defense,epa_pass,Alabama,-0.2064117470273944,408
2022,defense,ypp,Alabama,4.624010554089709,758
2022,defense,comp,Alabama,0.5558510638297872,376
2022,defense,conv3,Alabama,0.3132530120481928,166
2022,defense,sack,Alabama,0.0784313725490196,408
2022,defense,int,Alabama,0.013297872340425532,376
2022,defense,turnover,Alabama,0.014511873350923483,758
2022,defense,stuffed,Alabama,0.22285714285714286,350
2022,defense,stop,Alabama,0.7708333333333334,144
2022,special_teams,fg,Alabama,0.84,25
2022,special_teams,ko_cov,Alabama,-0.5487804878048781,82
2022,special_teams,ko_ret,Alabama,0.10256410256410256,39
2022,special_teams,punt,Alabama,39.35294117647059,34
2022,special_teams,punt_ret,Alabama,36.455882352941174,68
2022,special_teams,fg_epa,Alabama,0.5498825931549072,25
2022,special_teams,ko_epa,Alabama,0.06216525159231046,82
2022,special_teams,ko_ret_epa,Alabama,-0.028107050137642104,39
2022,special_teams,punt_epa,Alabama,-0.18373000271180095,34
2022,special_teams,punt_ret_epa,Alabama,0.3873450561043094,68
2022,offense,success,Appalachian State,0.4924554183813443,729
2022,offense,explosive,Appalachian State,0.13717421124828533,729
2022,offense,epa_rush,Appalachian State,0.06886275113496425,387
2022,offense,epa_pass,Appalachian State,0.14965413884988452,342
2022,offense,ypp,Appalachian State,6.465020576131687,729
2022,offense,comp,Appalachian State,0.6269113149847095,327
2022,offense,conv3,Appalachian State,0.4,140
2022,offense,sack,Appalachian State,0.043859649122807015,342
2022,offense,int,Appalachian State,0.01834862385321101,327
2022,offense,turnover,Appalachian State,0.012345679012345678,729
2022,offense,stuffed,Appalachian State,0.13178294573643412,387
2022,offense,scoring,Appalachian State,0.4132231404958678,121
2022,defense,success,Appalachian State,0.426179604261796,657
2022,defense,explosive,Appalachian State,0.1248097412480974,657
2022,defense,epa_rush,Appalachian State,0.03792217550981757,342
2022,defense,epa_pass,Appalachian State,-0.02477238696432707,315
2022,defense,ypp,Appalachian State,5.502283105022831,657
2022,defense,comp,Appalachian State,0.5888501742160279,287
2022,defense,conv3,Appalachian State,0.43448275862068964,145
2022,defense,sack,Appalachian State,0.08888888888888889,315
2022,defense,int,Appalachian State,0.020905923344947737,287
2022,defense,turnover,Appalachian State,0.0319634703196347,657
2022,defense,stuffed,Appalachian State,0.1608187134502924,342
2022,defense,stop,Appalachian State,0.6837606837606838,117
2022,special_teams,fg,Appalachian State,0.6,5
2022,special_teams,ko_cov,Appalachian State,1.4038461538461537,52
2022,special_teams,ko_ret,Appalachian State,3.7872340425531914,47
2022,special_teams,punt,Appalachian State,34.911764705882355,34
2022,special_teams,punt_ret,Appalachian State,39.111111111111114,45
2022,special_teams,fg_epa,Appalachian State,-0.9516783237457276,5
2022,special_teams,ko_epa,Appalachian State,-0.10263508443648998,52
2022,special_teams,ko_ret_epa,Appalachian State,0.2546671489451794,47
2022,special_teams,punt_epa,Appalachian State,-0.4899227172136307,34
2022,special_teams,punt_ret_epa,Appalachian State,0.20601280331611632,45
2022,offense,success,Arizona,0.5118694362017804,674
2022,offense,explosive,Arizona,0.1661721068249258,674
2022,offense,epa_rush,Arizona,0.035970820193869345,274
2022,offense,epa_pass,Arizona,0.15718976360948445,400
2022,offense,ypp,Arizona,6.682492581602374,674
2022,offense,comp,Arizona,0.6200527704485488,379
2022,offense,conv3,Arizona,0.45528455284552843,123
2022,offense,sack,Arizona,0.0525,400
2022,offense,int,Arizona,0.021108179419525065,379
2022,offense,turnover,Arizona,0.025222551928783383,674
2022,offense,stuffed,Arizona,0.16058394160583941,274
2022,offense,scoring,Arizona,0.46153846153846156,117
2022,defense,success,Arizona,0.5690936106983655,673
2022,defense,explosive,Arizona,0.1485884101040119,673
2022,defense,epa_rush,Arizona,0.24007823889058882,348
2022,defense,epa_pass,Arizona,0.18460583026566352,325
2022,defense,ypp,Arizona,7.013372956909361,673
2022,defense,comp,Arizona,0.6847133757961783,314
2022,defense,conv3,Arizona,0.4774774774774775,111
2022,defense,sack,Arizona,0.033846153846153845,325
2022,defense,int,Arizona,0.006369426751592357,314
2022,defense,turnover,Arizona,0.01188707280832095,673
2022,defense,stuffed,Arizona,0.12931034482758622,348
2022,defense,stop,Arizona,0.5172413793103449,116
2022,special_teams,fg,Arizona,0.8823529411764706,17
2022,special_teams,ko_cov,Arizona,3.7735849056603774,53
2022,special_teams,ko_ret,Arizona,4.348484848484849,66
2022,special_teams,punt,Arizona,36.30769230769231,26
2022,special_teams,punt_ret,Arizona,28.14814814814815,27
2022,special_teams,fg_epa,Arizona,0.5069885113660026,17
2022,special_teams,ko_epa,Arizona,-0.25598650720884214,53
2022,special_teams,ko_ret_epa,Arizona,0.2799156696507425,66
2022,special_teams,punt_epa,Arizona,-0.2816270286074051,26
2022,special_teams,punt_ret_epa,Arizona,0.9078473680549197,27
2022,offense,success,Arizona State,0.4616858237547893,522
2022,offense,explosive,Arizona State,0.12643678160919541,522
2022,offense,epa_rush,Arizona State,0.003957330080649985,226
2022,offense,epa_pass,Arizona State,0.10845816471208376,296
2022,offense,ypp,Arizona State,5.998084291187739,522
2022,offense,comp,Arizona State,0.6654411764705882,272
2022,offense,conv3,Arizona State,0.3942307692307692,104
2022,offense,sack,Arizona State,0.08108108108108109,296
2022,offense,int,Arizona State,0.025735294117647058,272
2022,offense,turnover,Arizona State,0.017241379310344827,522
2022,offense,stuffed,Arizona State,0.23008849557522124,226
2022,offense,scoring,Arizona State,0.3473684210526316,95
2022,defense,success,Arizona State,0.4983164983164983,594
2022,defense,explosive,Arizona State,0.12121212121212122,594
2022,defense,epa_rush,Arizona State,0.16206405834476617,277
2022,defense,epa_pass,Arizona State,0.08172716621140601,317
2022,defense,ypp,Arizona State,6.171717171717172,594
2022,defense,comp,Arizona State,0.5901639344262295,305
2022,defense,conv3,Arizona State,0.5132743362831859,113
2022,defense,sack,Arizona State,0.03785488958990536,317
2022,defense,int,Arizona State,0.022950819672131147,305
2022,defense,turnover,Arizona State,0.02356902356902357,594
2022,defense,stuffed,Arizona State,0.1371841155234657,277
2022,defense,stop,Arizona State,0.5263157894736842,95
2022,special_teams,fg,Arizona State,0.7777777777777778,9
2022,special_teams,ko_cov,Arizona State,-0.5897435897435898,39
2022,special_teams,ko_ret,Arizona State,0.7924528301886793,53
2022,special_teams,punt,Arizona State,40.729729729729726,37
2022,special_teams,punt_ret,Arizona State,40.241379310344826,29
2022,special_teams,fg_epa,Arizona State,0.2626690732108222,9
2022,special_teams,ko_epa,Arizona State,0.0875200996032128,39
2022,special_teams,ko_ret_epa,Arizona State,0.058289259109856946,53
2022,special_teams,punt_epa,Arizona State,-0.03762545335937191,37
2022,special_teams,punt_ret_epa,Arizona State,0.07009193018592637,29
2022,offense,success,Arkansas,0.49195710455764075,746
2022,offense,explosive,Arkansas,0.1487935656836461,746
2022,offense,epa_rush,Arkansas,0.0011810738310480372,451
2022,offense,epa_pass,Arkansas,0.18524753252095835,295
2022,offense,ypp,Arkansas,6.227882037533512,746
2022,offense,comp,Arkansas,0.6277372262773723,274
2022,offense,conv3,Arkansas,0.47058823529411764,153
2022,offense,sack,Arkansas,0.0711864406779661,295
2022,offense,int,Arkansas,0.01824817518248175,274
2022,offense,turnover,Arkansas,0.024128686327077747,746
2022,offense,stuffed,Arkansas,0.19068736141906872,451
2022,offense,scoring,Arkansas,0.35772357723577236,123
2022,defense,success,Arkansas,0.46253602305475505,694
2022,defense,explosive,Arkansas,0.11671469740634005,694
2022,defense,epa_rush,Arkansas,0.07773502808979514,329
2022,defense,epa_pass,Arkansas,0.06079960441685273,365
2022,defense,ypp,Arkansas,6.268011527377522,694
2022,defense,comp,Arkansas,0.60790273556231,329
2022,defense,conv3,Arkansas,0.4507042253521127,142
2022,defense,sack,Arkansas,0.09863013698630137,365
2022,defense,int,Arkansas,0.0182370820668693,329
2022,defense,turnover,Arkansas,0.03170028818443804,694
2022,defense,stuffed,Arkansas,0.1702127659574468,329
2022,defense,stop,Arkansas,0.6287878787878788,132
2022,special_teams,fg,Arkansas,0.8333333333333334,12
2022,special_teams,ko_cov,Arkansas,0.35185185185185186,54
2022,special_teams,ko_ret,Arkansas,2.037037037037037,54
2022,special_teams,punt,Arkansas,35.609756097560975,41
2022,special_teams,punt_ret,Arkansas,42.0,36
2022,special_teams,fg_epa,Arkansas,0.3177249828974406,12
2022,special_teams,ko_epa,Arkansas,-0.02040447570659496,54
2022,special_teams,ko_ret_epa,Arkansas,0.11594748276251333,54
2022,special_teams,punt_epa,Arkansas,-0.394297265061518,41
2022,special_teams,punt_ret_epa,Arkansas,-0.03389178216457367,36
2022,offense,success,Arkansas State,0.3852080123266564,649
2022,offense,explosive,Arkansas State,0.1016949152542373,649
2022,offense,epa_rush,Arkansas State,-0.14132632782916024,300
2022,offense,epa_pass,Arkansas State,-0.011212611446392028,349
2022,offense,ypp,Arkansas State,5.0138674884437595,649
2022,offense,comp,Arkansas State,0.6415094339622641,318
2022,offense,conv3,Arkansas State,0.31386861313868614,137
2022,offense,sack,Arkansas State,0.08882521489971347,349
2022,offense,int,Arkansas State,0.006289308176100629,318
2022,offense,turnover,Arkansas State,0.01078582434514638,649
2022,offense,stuffed,Arkansas State,0.29333333333333333,300
2022,offense,scoring,Arkansas State,0.3560606060606061,132
2022,defense,success,Arkansas State,0.4577259475218659,686
2022,defense,explosive,Arkansas State,0.13119533527696792,686
2022,defense,epa_rush,Arkansas State,0.01693993903098458,375
2022,defense,epa_pass,Arkansas State,0.2099908485201957,311
2022,defense,ypp,Arkansas State,6.090379008746356,686
2022,defense,comp,Arkansas State,0.6013513513513513,296
2022,defense,conv3,Arkansas State,0.3900709219858156,141
2022,defense,sack,Arkansas State,0.04823151125401929,311
2022,defense,int,Arkansas State,0.016891891891891893,296
2022,defense,turnover,Arkansas State,0.02040816326530612,686
2022,defense,stuffed,Arkansas State,0.23733333333333334,375
2022,defense,stop,Arkansas State,0.635593220338983,118
2022,special_teams,fg,Arkansas State,1.0,13
2022,special_teams,ko_cov,Arkansas State,-2.1320754716981134,53
2022,special_teams,ko_ret,Arkansas State,1.3018867924528301,53
2022,special_teams,punt,Arkansas State,40.422222222222224,45
2022,special_teams,punt_ret,Arkansas State,39.15217391304348,46
2022,special_teams,fg_epa,Arkansas State,1.3009175245578473,13
2022,special_teams,ko_epa,Arkansas State,0.20003302817074758,53
2022,special_teams,ko_ret_epa,Arkansas State,0.07692480312203462,53
2022,special_teams,punt_epa,Arkansas State,-0.03635475022925271,45
2022,special_teams,punt_ret_epa,Arkansas State,0.13929647725561392,46
2022,offense,success,Army,0.5232744783306581,623
2022,offense,explosive,Army,0.13643659711075443,623
2022,offense,epa_rush,Army,0.19357395401493502,525
2022,offense,epa_pass,Army,0.02816035503704378,98
2022,offense,ypp,Army,6.314606741573034,623
2022,offense,comp,Army,0.42696629213483145,89
2022,offense,conv3,Army,0.45454545454545453,132
2022,offense,sack,Army,0.09183673469387756,98
2022,offense,int,Army,0.0449438202247191,89
2022,offense,turnover,Army,0.019261637239165328,623
2022,offense,stuffed,Army,0.06095238095238095,525
2022,offense,scoring,Army,0.39603960396039606,101
2022,defense,success,Army,0.5253968253968254,630
2022,defense,explosive,Army,0.15714285714285714,630
2022,defense,epa_rush,Army,0.16205997982009357,367
2022,defense,epa_pass,Army,-0.013307637941753369,263
2022,defense,ypp,Army,6.092063492063492,630
2022,defense,comp,Army,0.6138211382113821,246
2022,defense,conv3,Army,0.4424778761061947,113
2022,defense,sack,Army,0.06463878326996197,263
2022,defense,int,Army,0.044715447154471545,246
2022,defense,turnover,Army,0.026984126984126985,630
2022,defense,stuffed,Army,0.1008174386920981,367
2022,defense,stop,Army,0.6388888888888888,108
2022,special_teams,fg,Army,0.7142857142857143,7
2022,special_teams,ko_cov,Army,1.2040816326530612,49
2022,special_teams,ko_ret,Army,2.6956521739130435,46
2022,special_teams,punt,Army,30.666666666666668,30
2022,special_teams,punt_ret,Army,37.84,25
2022,special_teams,fg_epa,Army,-0.3734093223299299,7
2022,special_teams,ko_epa,Army,-0.038169345077203244,49
2022,special_teams,ko_ret_epa,Army,0.17092416597449261,46
2022,special_teams,punt_epa,Army,-0.7371005331476529,30
2022,special_teams,punt_ret_epa,Army,0.29459396719932557,25
2022,offense,success,Auburn,0.41025641025641024,663
2022,offense,explosive,Auburn,0.15233785822021115,663
2022,offense,epa_rush,Auburn,0.04205077590226121,374
2022,offense,epa_pass,Auburn,-0.18936722466586134,289
2022,offense,ypp,Auburn,5.868778280542986,663
2022,offense,comp,Auburn,0.5245283018867924,265
2022,offense,conv3,Auburn,0.3825503355704698,149
2022,offense,sack,Auburn,0.08304498269896193,289
2022,offense,int,Auburn,0.04905660377358491,265
2022,offense,turnover,Auburn,0.04524886877828054,663
2022,offense,stuffed,Auburn,0.21657754010695188,374
2022,offense,scoring,Auburn,0.3203125,128
2022,defense,success,Auburn,0.4328571428571429,700
2022,defense,explosive,Auburn,0.12,700
2022,defense,epa_rush,Auburn,0.05160200437432174,360
2022,defense,epa_pass,Auburn,-0.0614592280180656,340
2022,defense,ypp,Auburn,5.354285714285714,700
2022,defense,comp,Auburn,0.580441640378549,317
2022,defense,conv3,Auburn,0.40939597315436244,149
2022,defense,sack,Auburn,0.06764705882352941,340
2022,defense,int,Auburn,0.00946372239747634,317
2022,defense,turnover,Auburn,0.017142857142857144,700
2022,defense,stuffed,Auburn,0.17777777777777778,360
2022,defense,stop,Auburn,0.6328125,128
2022,special_teams,fg,Auburn,0.7,20
2022,special_teams,ko_cov,Auburn,5.414634146341464,41
2022,special_teams,ko_ret,Auburn,1.7692307692307692,52
2022,special_teams,punt,Auburn,42.43589743589744,39
2022,special_teams,punt_ret,Auburn,39.46666666666667,45
2022,special_teams,fg_epa,Auburn,-0.33866449594497683,20
2022,special_teams,ko_epa,Auburn,-0.3643736475851478,41
2022,special_teams,ko_ret_epa,Auburn,0.13326256435651046,52
2022,special_teams,punt_epa,Auburn,0.20954283193135873,39
2022,special_teams,punt_ret_epa,Auburn,0.11427358984947204,45
2022,offense,success,BYU,0.4524647887323944,568
2022,offense,explosive,BYU,0.13204225352112675,568
2022,offense,epa_rush,BYU,0.02944841633864767,267
2022,offense,epa_pass,BYU,0.18540032098820028,301
2022,offense,ypp,BYU,6.445422535211268,568
2022,offense,comp,BYU,0.6541095890410958,292
2022,offense,conv3,BYU,0.4298245614035088,114
2022,offense,sack,BYU,0.029900332225913623,301
2022,offense,int,BYU,0.010273972602739725,292
2022,offense,turnover,BYU,0.01936619718309859,568
2022,offense,stuffed,BYU,0.20599250936329588,267
2022,offense,scoring,BYU,0.41,100
2022,defense,success,BYU,0.5126582278481012,632
2022,defense,explosive,BYU,0.14082278481012658,632
2022,defense,epa_rush,BYU,0.07356389264051538,365
2022,defense,epa_pass,BYU,0.17148401802252253,267
2022,defense,ypp,BYU,6.313291139240507,632
2022,defense,comp,BYU,0.6705426356589147,258
2022,defense,conv3,BYU,0.48360655737704916,122
2022,defense,sack,BYU,0.033707865168539325,267
2022,defense,int,BYU,0.027131782945736434,258
2022,defense,turnover,BYU,0.0189873417721519,632
2022,defense,stuffed,BYU,0.12876712328767123,365
2022,defense,stop,BYU,0.5445544554455446,101
2022,special_teams,fg,BYU,0.5833333333333334,12
2022,special_teams,ko_cov,BYU,2.217391304347826,46
2022,special_teams,ko_ret,BYU,0.4909090909090909,55
2022,special_teams,punt,BYU,40.61538461538461,26
2022,special_teams,punt_ret,BYU,38.07692307692308,26
2022,special_teams,fg_epa,BYU,-0.6595725615819296,12
2022,special_teams,ko_epa,BYU,-0.17316433139469312,46
2022,special_teams,ko_ret_epa,BYU,0.030490225011652165,55
2022,special_teams,punt_epa,BYU,-0.2237641834295713,26
2022,special_teams,punt_ret_epa,BYU,0.13691076177817124,26
2022,offense,success,Ball State,0.4438964241676942,811
2022,offense,explosive,Ball State,0.09864364981504316,811
2022,offense,epa_rush,Ball State,-0.03305487617752396,358
2022,offense,epa_pass,Ball State,-0.11424232080071325,453
2022,offense,ypp,Ball State,5.368680641183724,811
2022,offense,comp,Ball State,0.5895691609977324,441
2022,offense,conv3,Ball State,0.36363636363636365,165
2022,offense,sack,Ball State,0.026490066225165563,453
2022,offense,int,Ball State,0.027210884353741496,441
2022,offense,turnover,Ball State,0.02342786683107275,811
2022,offense,stuffed,Ball State,0.13687150837988826,358
2022,offense,scoring,Ball State,0.3082191780821918,146
2022,defense,success,Ball State,0.4604651162790698,860
2022,defense,explosive,Ball State,0.1058139534883721,860
2022,defense,epa_rush,Ball State,-0.008217134468941475,472
2022,defense,epa_pass,Ball State,-0.016888598640919125,388
2022,defense,ypp,Ball State,5.337209302325581,860
2022,defense,comp,Ball State,0.6010928961748634,366
2022,defense,conv3,Ball State,0.4067796610169492,177
2022,defense,sack,Ball State,0.05670103092783505,388
2022,defense,int,Ball State,0.01912568306010929,366
2022,defense,turnover,Ball State,0.023255813953488372,860
2022,defense,stuffed,Ball State,0.1228813559322034,472
2022,defense,stop,Ball State,0.6598639455782312,147
2022,special_teams,fg,Ball State,0.8421052631578947,19
2022,special_teams,ko_cov,Ball State,0.3103448275862069,58
2022,special_teams,ko_ret,Ball State,0.9090909090909091,55
2022,special_teams,punt,Ball State,37.30357142857143,56
2022,special_teams,punt_ret,Ball State,36.672413793103445,58
2022,special_teams,fg_epa,Ball State,0.059639428791246916,19
2022,special_teams,ko_epa,Ball State,0.012021167524929705,58
2022,special_teams,ko_ret_epa,Ball State,0.044909063252535734,55
2022,special_teams,punt_epa,Ball State,-0.21485949786646025,56
2022,special_teams,punt_ret_epa,Ball State,0.4288516904002634,58
2022,offense,success,Baylor,0.5098814229249012,759
2022,offense,explosive,Baylor,0.13175230566534915,759
2022,offense,epa_rush,Baylor,0.1302206806052777,426
2022,offense,epa_pass,Baylor,0.11549993264136313,333
2022,offense,ypp,Baylor,6.238471673254282,759
2022,offense,comp,Baylor,0.6509433962264151,318
2022,offense,conv3,Baylor,0.46808510638297873,141
2022,offense,sack,Baylor,0.04504504504504504,333
2022,offense,int,Baylor,0.040880503144654086,318
2022,offense,turnover,Baylor,0.023715415019762844,759
2022,offense,stuffed,Baylor,0.14084507042253522,426
2022,offense,scoring,Baylor,0.43410852713178294,129
2022,defense,success,Baylor,0.4474431818181818,704
2022,defense,explosive,Baylor,0.09943181818181818,704
2022,defense,epa_rush,Baylor,-0.001291172412807514,327
2022,defense,epa_pass,Baylor,0.003369758536157191,377
2022,defense,ypp,Baylor,5.40625,704
2022,defense,comp,Baylor,0.5933147632311978,359
2022,defense,conv3,Baylor,0.43356643356643354,143
2022,defense,sack,Baylor,0.04774535809018567,377
2022,defense,int,Baylor,0.033426183844011144,359
2022,defense,turnover,Baylor,0.02556818181818182,704
2022,defense,stuffed,Baylor,0.14678899082568808,327
2022,defense,stop,Baylor,0.6538461538461539,130
2022,special_teams,fg,Baylor,0.7777777777777778,9
2022,special_teams,ko_cov,Baylor,4.0476190476190474,63
2022,special_teams,ko_ret,Baylor,3.019607843137255,51
2022,special_teams,punt,Baylor,35.61290322580645,31
2022,special_teams,punt_ret,Baylor,37.57142857142857,42
2022,special_teams,fg_epa,Baylor,0.4167626036538018,9
2022,special_teams,ko_epa,Baylor,-0.2508895860777961,63
2022,special_teams,ko_ret_epa,Baylor,0.17738592157176897,51
2022,special_teams,punt_epa,Baylor,-0.32309146994544613,31
2022,special_teams,punt_ret_epa,Baylor,0.3163254367453711,42
2022,offense,success,Boise State,0.4805194805194805,539
2022,offense,explosive,Boise State,0.12430426716141002,539
2022,offense,epa_rush,Boise State,0.03445636003563656,308
2022,offense,epa_pass,Boise State,0.014706999011482568,231
2022,offense,ypp,Boise State,5.877551020408164,539
2022,offense,comp,Boise State,0.6018099547511312,221
2022,offense,conv3,Boise State,0.4205607476635514,107
2022,offense,sack,Boise State,0.04329004329004329,231
2022,offense,int,Boise State,0.027149321266968326,221
2022,offense,turnover,Boise State,0.03339517625231911,539
2022,offense,stuffed,Boise State,0.12012987012987013,308
2022,offense,scoring,Boise State,0.43157894736842106,95
2022,defense,success,Boise State,0.34279475982532753,458
2022,defense,explosive,Boise State,0.0851528384279476,458
2022,defense,epa_rush,Boise State,-0.11604556574327744,254
2022,defense,epa_pass,Boise State,-0.3072183081969003,204
2022,defense,ypp,Boise State,4.554585152838428,458
2022,defense,comp,Boise State,0.5191256830601093,183
2022,defense,conv3,Boise State,0.3090909090909091,110
2022,defense,sack,Boise State,0.10294117647058823,204
2022,defense,int,Boise State,0.0273224043715847,183
2022,defense,turnover,Boise State,0.03711790393013101,458
2022,defense,stuffed,Boise State,0.10236220472440945,254
2022,defense,stop,Boise State,0.7653061224489796,98
2022,special_teams,fg,Boise State,0.8421052631578947,19
2022,special_teams,ko_cov,Boise State,-0.1111111111111111,45
2022,special_teams,ko_ret,Boise State,4.76,25
2022,special_teams,punt,Boise State,41.266666666666666,30
2022,special_teams,punt_ret,Boise State,41.266666666666666,45
2022,special_teams,fg_epa,Boise State,0.4241325855255127,19
2022,special_teams,ko_epa,Boise State,0.03597794506284926,45
2022,special_teams,ko_ret_epa,Boise State,0.2822964358329773,25
2022,special_teams,punt_epa,Boise State,0.09682311515013377,30
2022,special_teams,punt_ret_epa,Boise State,-0.010171752505832249,45
2022,offense,success,Boston College,0.3706896551724138,580
2022,offense,explosive,Boston College,0.09482758620689655,580
2022,offense,epa_rush,Boston College,-0.11609297781617317,214
2022,offense,epa_pass,Boston College,-0.02513377867691678,366
2022,offense,ypp,Boston College,4.913793103448276,580
2022,offense,comp,Boston College,0.592814371257485,334
2022,offense,conv3,Boston College,0.3181818181818182,132
2022,offense,sack,Boston College,0.08743169398907104,366
2022,offense,int,Boston College,0.023952095808383235,334
2022,offense,turnover,Boston College,0.029310344827586206,580
2022,offense,stuffed,Boston College,0.3037383177570093,214
2022,offense,scoring,Boston College,0.24793388429752067,121
2022,defense,success,Boston College,0.4336134453781513,595
2022,defense,explosive,Boston College,0.12773109243697478,595
2022,defense,epa_rush,Boston College,0.01802174177056392,309
2022,defense,epa_pass,Boston College,-0.04013588540545928,286
2022,defense,ypp,Boston College,5.684033613445378,595
2022,defense,comp,Boston College,0.5682656826568265,271
2022,defense,conv3,Boston College,0.37606837606837606,117
2022,defense,sack,Boston College,0.05244755244755245,286
2022,defense,int,Boston College,0.02952029520295203,271
2022,defense,turnover,Boston College,0.025210084033613446,595
2022,defense,stuffed,Boston College,0.15857605177993528,309
2022,defense,stop,Boston College,0.6290322580645161,124
2022,special_teams,fg,Boston College,0.5384615384615384,13
2022,special_teams,ko_cov,Boston College,4.972222222222222,36
2022,special_teams,ko_ret,Boston College,0.30612244897959184,49
2022,special_teams,punt,Boston College,40.57142857142857,56
2022,special_teams,punt_ret,Boston College,39.95652173913044,46
2022,special_teams,fg_epa,Boston College,-0.9953168447201068,13
2022,special_teams,ko_epa,Boston College,-0.33738351861635846,36
2022,special_teams,ko_ret_epa,Boston College,0.0013225869256622937,49
2022,special_teams,punt_epa,Boston College,-0.09496154835713762,56
2022,special_teams,punt_ret_epa,Boston College,0.027973308835340584,46
2022,offense,success,Bowling Green,0.42197452229299365,628
2022,offense,explosive,Bowling Green,0.11624203821656051,628
2022,offense,epa_rush,Bowling Green,-0.20221928168558387,287
2022,offense,epa_pass,Bowling Green,0.00522134976433772,341
2022,offense,ypp,Bowling Green,5.409235668789809,628
2022,offense,comp,Bowling Green,0.6089743589743589,312
2022,offense,conv3,Bowling Green,0.34507042253521125,142
2022,offense,sack,Bowling Green,0.08504398826979472,341
2022,offense,int,Bowling Green,0.022435897435897436,312
2022,offense,turnover,Bowling Green,0.028662420382165606,628
2022,offense,stuffed,Bowling Green,0.14982578397212543,287
2022,offense,scoring,Bowling Green,0.2661290322580645,124
2022,defense,success,Bowling Green,0.4469357249626308,669
2022,defense,explosive,Bowling Green,0.11958146487294469,669
2022,defense,epa_rush,Bowling Green,-0.021661019508824528,314
2022,defense,epa_pass,Bowling Green,0.02718588115563828,355
2022,defense,ypp,Bowling Green,5.958146487294469,669
2022,defense,comp,Bowling Green,0.6422018348623854,327
2022,defense,conv3,Bowling Green,0.4244604316546763,139
2022,defense,sack,Bowling Green,0.07887323943661972,355
2022,defense,int,Bowling Green,0.024464831804281346,327
2022,defense,turnover,Bowling Green,0.026905829596412557,669
2022,defense,stuffed,Bowling Green,0.1305732484076433,314
2022,defense,stop,Bowling Green,0.6147540983606558,122
2022,special_teams,fg,Bowling Green,0.75,12
2022,special_teams,ko_cov,Bowling Green,10.195121951219512,41
2022,special_teams,ko_ret,Bowling Green,4.519230769230769,52
2022,special_teams,punt,Bowling Green,34.72,50
2022,special_teams,punt_ret,Bowling Green,29.25,36
2022,special_teams,fg_epa,Bowling Green,-0.20239867766698202,12
2022,special_teams,ko_epa,Bowling Green,-0.6962558423600546,41
2022,special_teams,ko_ret_epa,Bowling Green,0.31979175828970396,52
2022,special_teams,punt_epa,Bowling Green,-0.48330326557159425,50
2022,special_teams,punt_ret_epa,Bowling Green,0.9525026049878862,36
2022,offense,success,Buffalo,0.437403400309119,647
2022,offense,explosive,Buffalo,0.09119010819165378,647
2022,offense,epa_rush,Buffalo,0.022549420289345035,329
2022,offense,epa_pass,Buffalo,-0.012111599042401555,318
2022,offense,ypp,Buffalo,5.364760432766615,647
2022,offense,comp,Buffalo,0.5925925925925926,297
2022,offense,conv3,Buffalo,0.4253731343283582,134
2022,offense,sack,Buffalo,0.0660377358490566,318
2022,offense,int,Buffalo,0.030303030303030304,297
2022,offense,turnover,Buffalo,0.027820710973724884,647
2022,offense,stuffed,Buffalo,0.1337386018237082,329
2022,offense,scoring,Buffalo,0.4095238095238095,105
2022,defense,success,Buffalo,0.44861660079051385,506
2022,defense,explosive,Buffalo,0.17786561264822134,506
2022,defense,epa_rush,Buffalo,-0.13043334463414855,270
2022,defense,epa_pass,Buffalo,0.0805824222918932,236
2022,defense,ypp,Buffalo,7.092885375494071,506
2022,defense,comp,Buffalo,0.5822222222222222,225
2022,defense,conv3,Buffalo,0.37623762376237624,101
2022,defense,sack,Buffalo,0.046610169491525424,236
2022,defense,int,Buffalo,0.022222222222222223,225
2022,defense,turnover,Buffalo,0.037549407114624504,506
2022,defense,stuffed,Buffalo,0.17407407407407408,270
2022,defense,stop,Buffalo,0.6581196581196581,117
2022,special_teams,fg,Buffalo,0.9444444444444444,18
2022,special_teams,ko_cov,Buffalo,7.346938775510204,49
2022,special_teams,ko_ret,Buffalo,2.5641025641025643,39
2022,special_teams,punt,Buffalo,35.07142857142857,28
2022,special_teams,punt_ret,Buffalo,31.857142857142858,28
2022,special_teams,fg_epa,Buffalo,1.1267863379584417,18
2022,special_teams,ko_epa,Buffalo,-0.5079973400855551,49
2022,special_teams,ko_ret_epa,Buffalo,0.17886914809544882,39
2022,special_teams,punt_epa,Buffalo,-0.4540680210505213,28
2022,special_teams,punt_ret_epa,Buffalo,0.7059461112533297,28
2022,offense,success,California,0.4114114114114114,666
2022,offense,explosive,California,0.1066066066066066,666
2022,offense,epa_rush,California,0.024087971860567343,246
2022,offense,epa_pass,California,0.032125027106207335,420
2022,offense,ypp,California,5.548048048048048,666
2022,offense,comp,California,0.6272493573264781,389
2022,offense,conv3,California,0.3706293706293706,143
2022,offense,sack,California,0.07380952380952381,420
2022,offense,int,California,0.017994858611825194,389
2022,offense,turnover,California,0.018018018018018018,666
2022,offense,stuffed,California,0.2073170731707317,246
2022,offense,scoring,California,0.30833333333333335,120
2022,defense,success,California,0.5042372881355932,708
2022,defense,explosive,California,0.11581920903954802,708
2022,defense,epa_rush,California,0.04442640556142073,316
2022,defense,epa_pass,California,0.13553471196662628,392
2022,defense,ypp,California,6.111581920903955,708
2022,defense,comp,California,0.6569920844327177,379
2022,defense,conv3,California,0.41605839416058393,137
2022,defense,sack,California,0.03316326530612245,392
2022,defense,int,California,0.026385224274406333,379
2022,defense,turnover,California,0.0211864406779661,708
2022,defense,stuffed,California,0.1550632911392405,316
2022,defense,stop,California,0.6386554621848739,119
2022,special_teams,fg,California,0.625,16
2022,special_teams,ko_cov,California,1.6222222222222222,45
2022,special_teams,ko_ret,California,-0.6346153846153846,52
2022,special_teams,punt,California,40.32692307692308,52
2022,special_teams,punt_ret,California,37.11904761904762,42
2022,special_teams,fg_epa,California,-0.5834782794117928,16
2022,special_teams,ko_epa,California,-0.11534957753287421,45
2022,special_teams,ko_ret_epa,California,-0.0741088195489003,52
2022,special_teams,punt_epa,California,-0.0336257997327126,52
2022,special_teams,punt_ret_epa,California,0.42738557181188036,42
2022,offense,success,Central Michigan,0.4222539229671897,701
2022,offense,explosive,Central Michigan,0.11269614835948645,701
2022,offense,epa_rush,Central Michigan,0.0598333048897639,323
2022,offense,epa_pass,Central Michigan,-0.005176763645218821,378
2022,offense,ypp,Central Michigan,5.68188302425107,701
2022,offense,comp,Central Michigan,0.5646067415730337,356
2022,offense,conv3,Central Michigan,0.3673469387755102,147
2022,offense,sack,Central Michigan,0.0582010582010582,378
2022,offense,int,Central Michigan,0.019662921348314606,356
2022,offense,turnover,Central Michigan,0.024251069900142655,701
2022,offense,stuffed,Central Michigan,0.15170278637770898,323
2022,offense,scoring,Central Michigan,0.2932330827067669,133
2022,defense,success,Central Michigan,0.44379562043795623,685
2022,defense,explosive,Central Michigan,0.13138686131386862,685
2022,defense,epa_rush,Central Michigan,0.040460403714885636,366
2022,defense,epa_pass,Central Michigan,-0.06648059966584623,319
2022,defense,ypp,Central Michigan,5.6671532846715325,685
2022,defense,comp,Central Michigan,0.5866666666666667,300
2022,defense,conv3,Central Michigan,0.3333333333333333,147
2022,defense,sack,Central Michigan,0.05956112852664577,319
2022,defense,int,Central Michigan,0.013333333333333334,300
2022,defense,turnover,Central Michigan,0.016058394160583942,685
2022,defense,stuffed,Central Michigan,0.1448087431693989,366
2022,defense,stop,Central Michigan,0.6946564885496184,131
2022,special_teams,fg,Central Michigan,0.46153846153846156,13
2022,special_teams,ko_cov,Central Michigan,5.604166666666667,48
2022,special_teams,ko_ret,Central Michigan,3.549019607843137,51
2022,special_teams,punt,Central Michigan,37.513513513513516,37
2022,special_teams,punt_ret,Central Michigan,36.627450980392155,51
2022,special_teams,fg_epa,Central Michigan,-1.0060725395496075,13
2022,special_teams,ko_epa,Central Michigan,-0.3641044646501541,48
2022,special_teams,ko_ret_epa,Central Michigan,0.25909074381286024,51
2022,special_teams,punt_epa,Central Michigan,-0.3715650825887113,37
2022,special_teams,punt_ret_epa,Central Michigan,0.2565045514527489,51
2022,offense,success,Charlotte,0.481089258698941,661
2022,offense,explosive,Charlotte,0.13767019667170954,661
2022,offense,epa_rush,Charlotte,0.05443891011005305,278
2022,offense,epa_pass,Charlotte,-0.015511794108774337,383
2022,offense,ypp,Charlotte,6.075642965204236,661
2022,offense,comp,Charlotte,0.5943661971830986,355
2022,offense,conv3,Charlotte,0.39344262295081966,122
2022,offense,sack,Charlotte,0.0731070496083551,383
2022,offense,int,Charlotte,0.04225352112676056,355
2022,offense,turnover,Charlotte,0.028744326777609682,661
2022,offense,stuffed,Charlotte,0.14388489208633093,278
2022,offense,scoring,Charlotte,0.2966101694915254,118
2022,defense,success,Charlotte,0.5212922173274597,681
2022,defense,explosive,Charlotte,0.16740088105726872,681
2022,defense,epa_rush,Charlotte,0.16254625027266337,385
2022,defense,epa_pass,Charlotte,0.23935723441364087,296
2022,defense,ypp,Charlotte,7.358296622613803,681
2022,defense,comp,Charlotte,0.6607773851590106,283
2022,defense,conv3,Charlotte,0.4322033898305085,118
2022,defense,sack,Charlotte,0.04391891891891892,296
2022,defense,int,Charlotte,0.024734982332155476,283
2022,defense,turnover,Charlotte,0.01908957415565345,681
2022,defense,stuffed,Charlotte,0.14025974025974025,385
2022,defense,stop,Charlotte,0.48717948717948717,117
2022,special_teams,fg,Charlotte,0.3333333333333333,3
2022,special_teams,ko_cov,Charlotte,4.275,40
2022,special_teams,ko_ret,Charlotte,4.32258064516129,62
2022,special_teams,punt,Charlotte,36.241379310344826,29
2022,special_teams,punt_ret,Charlotte,35.541666666666664,24
2022,special_teams,fg_epa,Charlotte,-1.8697651227315266,3
2022,special_teams,ko_epa,Charlotte,-0.2781038612127304,40
2022,special_teams,ko_ret_epa,Charlotte,0.28960281898898466,62
2022,special_teams,punt_epa,Charlotte,-0.2874961978402631,29
2022,special_teams,punt_ret_epa,Charlotte,0.6234440871824821,24
2022,offense,success,Cincinnati,0.42473118279569894,558
2022,offense,explosive,Cincinnati,0.1111111111111111,558
2022,offense,epa_rush,Cincinnati,-0.05397183956637198,236
2022,offense,epa_pass,Cincinnati,0.11397008654211817,322
2022,offense,ypp,Cincinnati,6.159498207885305,558
2022,offense,comp,Cincinnati,0.6013289036544851,301
2022,offense,conv3,Cincinnati,0.3728813559322034,118
2022,offense,sack,Cincinnati,0.06521739130434782,322
2022,offense,int,Cincinnati,0.019933554817275746,301
2022,offense,turnover,Cincinnati,0.023297491039426525,558
2022,offense,stuffed,Cincinnati,0.1440677966101695,236
2022,offense,scoring,Cincinnati,0.4017857142857143,112
2022,defense,success,Cincinnati,0.39880952380952384,672
2022,defense,explosive,Cincinnati,0.09077380952380952,672
2022,defense,epa_rush,Cincinnati,-0.042483194223560006,362
2022,defense,epa_pass,Cincinnati,-0.05582196254773645,310
2022,defense,ypp,Cincinnati,4.802083333333333,672
2022,defense,comp,Cincinnati,0.545774647887324,284
2022,defense,conv3,Cincinnati,0.4276315789473684,152
2022,defense,sack,Cincinnati,0.08387096774193549,310
2022,defense,int,Cincinnati,0.017605633802816902,284
2022,defense,turnover,Cincinnati,0.023809523809523808,672
2022,defense,stuffed,Cincinnati,0.15469613259668508,362
2022,defense,stop,Cincinnati,0.7241379310344828,116
2022,special_teams,fg,Cincinnati,0.7777777777777778,18
2022,special_teams,ko_cov,Cincinnati,0.5686274509803921,51
2022,special_teams,ko_ret,Cincinnati,0.4444444444444444,36
2022,special_teams,punt,Cincinnati,46.44736842105263,38
2022,special_teams,punt_ret,Cincinnati,36.54347826086956,46
2022,special_teams,fg_epa,Cincinnati,0.08989873197343615,18
2022,special_teams,ko_epa,Cincinnati,0.001529089376038196,51
2022,special_teams,ko_ret_epa,Cincinnati,0.027687531378534105,36
2022,special_teams,punt_epa,Cincinnati,0.3461401635094693,38
2022,special_teams,punt_ret_epa,Cincinnati,0.3201523659669835,46
2022,offense,success,Clemson,0.48675034867503486,717
2022,offense,explosive,Clemson,0.14783821478382148,717
2022,offense,epa_rush,Clemson,0.09220382004795614,376
2022,offense,epa_pass,Clemson,0.016453131261654933,341
2022,offense,ypp,Clemson,5.94002789400279,717
2022,offense,comp,Clemson,0.6428571428571429,322
2022,offense,conv3,Clemson,0.46,150
2022,offense,sack,Clemson,0.05571847507331378,341
2022,offense,int,Clemson,0.018633540372670808,322
2022,offense,turnover,Clemson,0.02092050209205021,717
2022,offense,stuffed,Clemson,0.14627659574468085,376
2022,offense,scoring,Clemson,0.4603174603174603,126
2022,defense,success,Clemson,0.4148148148148148,675
2022,defense,explosive,Clemson,0.1259259259259259,675
2022,defense,epa_rush,Clemson,-0.09541225279331751,289
2022,defense,epa_pass,Clemson,-0.10709725456043809,386
2022,defense,ypp,Clemson,5.143703703703704,675
2022,defense,comp,Clemson,0.6072423398328691,359
2022,defense,conv3,Clemson,0.3541666666666667,144
2022,defense,sack,Clemson,0.06994818652849741,386
2022,defense,int,Clemson,0.022284122562674095,359
2022,defense,turnover,Clemson,0.03111111111111111,675
2022,defense,stuffed,Clemson,0.22837370242214533,289
2022,defense,stop,Clemson,0.7421875,128
2022,special_teams,fg,Clemson,0.8888888888888888,18
2022,special_teams,ko_cov,Clemson,-0.05084745762711865,59
2022,special_teams,ko_ret,Clemson,4.975,40
2022,special_teams,punt,Clemson,37.54761904761905,42
2022,special_teams,punt_ret,Clemson,37.59183673469388,49
2022,special_teams,fg_epa,Clemson,0.6043497059080336,18
2022,special_teams,ko_epa,Clemson,0.012888502266447423,59
2022,special_teams,ko_ret_epa,Clemson,0.35495791882276534,40
2022,special_teams,punt_epa,Clemson,-0.39083238407259896,42
2022,special_teams,punt_ret_epa,Clemson,0.21664337479338355,49
2022,offense,success,Coastal Carolina,0.5065573770491804,610
2022,offense,explosive,Coastal Carolina,0.16885245901639345,610
2022,offense,epa_rush,Coastal Carolina,-0.05971791997401301,345
2022,offense,epa_pass,Coastal Carolina,0.3727327626318719,265
2022,offense,ypp,Coastal Carolina,7.122950819672131,610
2022,offense,comp,Coastal Carolina,0.6829268292682927,246
2022,offense,conv3,Coastal Carolina,0.5175438596491229,114
2022,offense,sack,Coastal Carolina,0.07169811320754717,265
2022,offense,int,Coastal Carolina,0.02032520325203252,246
2022,offense,turnover,Coastal Carolina,0.027868852459016394,610
2022,offense,stuffed,Coastal Carolina,0.14492753623188406,345
2022,offense,scoring,Coastal Carolina,0.41509433962264153,106
2022,defense,success,Coastal Carolina,0.47758620689655173,580
2022,defense,explosive,Coastal Carolina,0.13620689655172413,580
2022,defense,epa_rush,Coastal Carolina,0.002970093404525179,273
2022,defense,epa_pass,Coastal Carolina,0.16544118135858019,307
2022,defense,ypp,Coastal Carolina,6.691379310344828,580
2022,defense,comp,Coastal Carolina,0.6501766784452296,283
2022,defense,conv3,Coastal Carolina,0.4444444444444444,117
2022,defense,sack,Coastal Carolina,0.0781758957654723,307
2022,defense,int,Coastal Carolina,0.038869257950530034,283
2022,defense,turnover,Coastal Carolina,0.03620689655172414,580
2022,defense,stuffed,Coastal Carolina,0.15384615384615385,273
2022,defense,stop,Coastal Carolina,0.5882352941176471,102
2022,special_teams,fg,Coastal Carolina,0.6363636363636364,11
2022,special_teams,ko_cov,Coastal Carolina,0.5471698113207547,53
2022,special_teams,ko_ret,Coastal Carolina,-0.25,52
2022,special_teams,punt,Coastal Carolina,33.2962962962963,27
2022,special_teams,punt_ret,Coastal Carolina,35.96296296296296,27
2022,special_teams,fg_epa,Coastal Carolina,-0.3885198506441983,11
2022,special_teams,ko_epa,Coastal Carolina,-0.023223808351552713,53
2022,special_teams,ko_ret_epa,Coastal Carolina,-0.05645125416608957,52
2022,special_teams,punt_epa,Coastal Carolina,-0.5345488610091033,27
2022,special_teams,punt_ret_epa,Coastal Carolina,0.22715349936926807,27
2022,offense,success,Colorado,0.42280701754385963,570
2022,offense,explosive,Colorado,0.11052631578947368,570
2022,offense,epa_rush,Colorado,-0.055235109080109604,269
2022,offense,epa_pass,Colorado,-0.15803046843399074,301
2022,offense,ypp,Colorado,5.133333333333334,570
2022,offense,comp,Colorado,0.5229681978798587,283
2022,offense,conv3,Colorado,0.359375,128
2022,offense,sack,Colorado,0.059800664451827246,301
2022,offense,int,Colorado,0.028268551236749116,283
2022,offense,turnover,Colorado,0.028070175438596492,570
2022,offense,stuffed,Colorado,0.16356877323420074,269
2022,offense,scoring,Colorado,0.2524271844660194,103
2022,defense,success,Colorado,0.5392156862745098,612
2022,defense,explosive,Colorado,0.15359477124183007,612
2022,defense,epa_rush,Colorado,0.13896546407946886,317
2022,defense,epa_pass,Colorado,0.23848689373185625,295
2022,defense,ypp,Colorado,7.031045751633987,612
2022,defense,comp,Colorado,0.6725352112676056,284
2022,defense,conv3,Colorado,0.5585585585585585,111
2022,defense,sack,Colorado,0.03728813559322034,295
2022,defense,int,Colorado,0.01056338028169014,284
2022,defense,turnover,Colorado,0.013071895424836602,612
2022,defense,stuffed,Colorado,0.20504731861198738,317
2022,defense,stop,Colorado,0.47619047619047616,105
2022,special_teams,fg,Colorado,0.8333333333333334,12
2022,special_teams,ko_cov,Colorado,6.914285714285715,35
2022,special_teams,ko_ret,Colorado,2.6964285714285716,56
2022,special_teams,punt,Colorado,30.475,40
2022,special_teams,punt_ret,Colorado,36.57142857142857,21
2022,special_teams,fg_epa,Colorado,0.42587001125017804,12
2022,special_teams,ko_epa,Colorado,-0.4380409002304077,35
2022,special_teams,ko_ret_epa,Colorado,0.16753715489591872,56
2022,special_teams,punt_epa,Colorado,-0.8699642289429903,40
2022,special_teams,punt_ret_epa,Colorado,0.22602656625566028,21
2022,offense,success,Colorado State,0.35537190082644626,605
2022,offense,explosive,Colorado State,0.11735537190082644,605
2022,offense,epa_rush,Colorado State,-0.10629992942111807,279
2022,offense,epa_pass,Colorado State,-0.19723772235658416,326
2022,offense,ypp,Colorado State,4.907438016528926,605
2022,offense,comp,Colorado State,0.60431654676259,278
2022,offense,conv3,Colorado State,0.22900763358778625,131
2022,offense,sack,Colorado State,0.147239263803681,326
2022,offense,int,Colorado State,0.03237410071942446,278
2022,offense,turnover,Colorado State,0.021487603305785124,605
2022,offense,stuffed,Colorado State,0.2007168458781362,279
2022,offense,scoring,Colorado State,0.17647058823529413,119
2022,defense,success,Colorado State,0.4826086956521739,690
2022,defense,explosive,Colorado State,0.12318840579710146,690
2022,defense,epa_rush,Colorado State,0.04362183825281706,347
2022,defense,epa_pass,Colorado State,-0.04940638202007604,343
2022,defense,ypp,Colorado State,5.6869565217391305,690
2022,defense,comp,Colorado State,0.6382978723404256,329
2022,defense,conv3,Colorado State,0.4153846153846154,130
2022,defense,sack,Colorado State,0.04081632653061224,343
2022,defense,int,Colorado State,0.0243161094224924,329
2022,defense,turnover,Colorado State,0.02753623188405797,690
2022,defense,stuffed,Colorado State,0.1642651296829971,347
2022,defense,stop,Colorado State,0.6101694915254238,118
2022,special_teams,fg,Colorado State,0.6923076923076923,13
2022,special_teams,ko_cov,Colorado State,-0.09375,32
2022,special_teams,ko_ret,Colorado State,0.32142857142857145,56
2022,special_teams,punt,Colorado State,36.9622641509434,53
2022,special_teams,punt_ret,Colorado State,37.578947368421055,38
2022,special_teams,fg_epa,Colorado State,-0.3648931154837975,13
2022,special_teams,ko_epa,Colorado State,0.01852080598473549,32
2022,special_teams,ko_ret_epa,Colorado State,0.009664710078920637,56
2022,special_teams,punt_epa,Colorado State,-0.2908920555744531,53
2022,special_teams,punt_ret_epa,Colorado State,0.1430228293726319,38
2022,offense,success,Connecticut,0.4157973174366617,671
2022,offense,explosive,Connecticut,0.12816691505216096,671
2022,offense,epa_rush,Connecticut,0.07904611948790466,425
2022,offense,epa_pass,Connecticut,-0.14561577999607825,246
2022,offense,ypp,Connecticut,5.207153502235469,671
2022,offense,comp,Connecticut,0.591304347826087,230
2022,offense,conv3,Connecticut,0.40789473684210525,152
2022,offense,sack,Connecticut,0.06504065040650407,246
2022,offense,int,Connecticut,0.0391304347826087,230
2022,offense,turnover,Connecticut,0.029806259314456036,671
2022,offense,stuffed,Connecticut,0.2,425
2022,offense,scoring,Connecticut,0.2692307692307692,130
2022,defense,success,Connecticut,0.5100133511348465,749
2022,defense,explosive,Connecticut,0.11615487316421896,749
2022,defense,epa_rush,Connecticut,-0.005295593017020058,396
2022,defense,epa_pass,Connecticut,-0.04464328472658165,353
2022,defense,ypp,Connecticut,5.883845126835781,749
2022,defense,comp,Connecticut,0.6398809523809523,336
2022,defense,conv3,Connecticut,0.46099290780141844,141
2022,defense,sack,Connecticut,0.04815864022662889,353
2022,defense,int,Connecticut,0.03273809523809524,336
2022,defense,turnover,Connecticut,0.030707610146862484,749
2022,defense,stuffed,Connecticut,0.13131313131313133,396
2022,defense,stop,Connecticut,0.6183206106870229,131
2022,special_teams,fg,Connecticut,0.8333333333333334,12
2022,special_teams,ko_cov,Connecticut,4.583333333333333,48
2022,special_teams,ko_ret,Connecticut,-1.1864406779661016,59
2022,special_teams,punt,Connecticut,37.479166666666664,48
2022,special_teams,punt_ret,Connecticut,37.34285714285714,35
2022,special_teams,fg_epa,Connecticut,0.2628885606924693,12
2022,special_teams,ko_epa,Connecticut,-0.3067753128707409,48
2022,special_teams,ko_ret_epa,Connecticut,-0.10936034230862633,59
2022,special_teams,punt_epa,Connecticut,-0.2932695063451926,48
2022,special_teams,punt_ret_epa,Connecticut,0.2767961774553571,35
2022,offense,success,Duke,0.47297297297297297,666
2022,offense,explosive,Duke,0.13063063063063063,666
2022,offense,epa_rush,Duke,0.13179692163266865,343
2022,offense,epa_pass,Duke,0.05988210359547635,323
2022,offense,ypp,Duke,6.093093093093093,666
2022,offense,comp,Duke,0.6064516129032258,310
2022,offense,conv3,Duke,0.3798449612403101,129
2022,offense,sack,Duke,0.04024767801857585,323
2022,offense,int,Duke,0.00967741935483871,310
2022,offense,turnover,Duke,0.013513513513513514,666
2022,offense,stuffed,Duke,0.11661807580174927,343
2022,offense,scoring,Duke,0.4132231404958678,121
2022,defense,success,Duke,0.453416149068323,644
2022,defense,explosive,Duke,0.12111801242236025,644
2022,defense,epa_rush,Duke,-0.1314990944199404,279
2022,defense,epa_pass,Duke,0.07244636549102237,365
2022,defense,ypp,Duke,5.658385093167702,644
2022,defense,comp,Duke,0.6046511627906976,344
2022,defense,conv3,Duke,0.4108527131782946,129
2022,defense,sack,Duke,0.057534246575342465,365
2022,defense,int,Duke,0.02616279069767442,344
2022,defense,turnover,Duke,0.03260869565217391,644
2022,defense,stuffed,Duke,0.17562724014336917,279
2022,defense,stop,Duke,0.6694915254237288,118
2022,special_teams,fg,Duke,0.631578947368421,19
2022,special_teams,ko_cov,Duke,2.627450980392157,51
2022,special_teams,ko_ret,Duke,2.725,40
2022,special_teams,punt,Duke,37.42424242424242,33
2022,special_teams,punt_ret,Duke,33.282051282051285,39
2022,special_teams,fg_epa,Duke,-0.6823126454102365,19
2022,special_teams,ko_epa,Duke,-0.14007738758535945,51
2022,special_teams,ko_ret_epa,Duke,0.18919630944728852,40
2022,special_teams,punt_epa,Duke,-0.36525593743179785,33
2022,special_teams,punt_ret_epa,Duke,0.672130459967332,39
2022,offense,success,East Carolina,0.4772727272727273,572
2022,offense,explosive,East Carolina,0.1590909090909091,572
2022,offense,epa_rush,East Carolina,0.10502085203751264,267
2022,offense,epa_pass,East Carolina,0.17471842066341453,305
2022,offense,ypp,East Carolina,6.6276223776223775,572
2022,offense,comp,East Carolina,0.6711864406779661,295
2022,offense,conv3,East Carolina,0.48717948717948717,117
2022,offense,sack,East Carolina,0.03278688524590164,305
2022,offense,int,East Carolina,0.013559322033898305,295
2022,offense,turnover,East Carolina,0.01048951048951049,572
2022,offense,stuffed,East Carolina,0.21722846441947566,267
2022,offense,scoring,East Carolina,0.43617021276595747,94
2022,defense,success,East Carolina,0.4580896686159844,513
2022,defense,explosive,East Carolina,0.13060428849902533,513
2022,defense,epa_rush,East Carolina,-0.08600071128894723,225
2022,defense,epa_pass,East Carolina,0.09614377761762069,288
2022,defense,ypp,East Carolina,6.046783625730995,513
2022,defense,comp,East Carolina,0.6367041198501873,267
2022,defense,conv3,East Carolina,0.41904761904761906,105
2022,defense,sack,East Carolina,0.07291666666666667,288
2022,defense,int,East Carolina,0.03745318352059925,267
2022,defense,turnover,East Carolina,0.025341130604288498,513
2022,defense,stuffed,East Carolina,0.20444444444444446,225
2022,defense,stop,East Carolina,0.6703296703296703,91
2022,special_teams,fg,East Carolina,0.6666666666666666,15
2022,special_teams,ko_cov,East Carolina,0.6904761904761905,42
2022,special_teams,ko_ret,East Carolina,1.2285714285714286,35
2022,special_teams,punt,East Carolina,38.083333333333336,24
2022,special_teams,punt_ret,East Carolina,39.6875,32
2022,special_teams,fg_epa,East Carolina,-0.7108173529307048,15
2022,special_teams,ko_epa,East Carolina,-0.008190848997661046,42
2022,special_teams,ko_ret_epa,East Carolina,0.07083665132522583,35
2022,special_teams,punt_epa,East Carolina,-0.3065941420694192,24
2022,special_teams,punt_ret_epa,East Carolina,0.11523362807929516,32
2022,offense,success,Eastern Michigan,0.4887459807073955,622
2022,offense,explosive,Eastern Michigan,0.09967845659163987,622
2022,offense,epa_rush,Eastern Michigan,0.08157342544058487,322
2022,offense,epa_pass,Eastern Michigan,-0.03309177903929798,300
2022,offense,ypp,Eastern Michigan,5.446945337620579,622
2022,offense,comp,Eastern Michigan,0.6129032258064516,279
2022,offense,conv3,Eastern Michigan,0.42857142857142855,126
2022,offense,sack,Eastern Michigan,0.07,300
2022,offense,int,Eastern Michigan,0.03225806451612903,279
2022,offense,turnover,Eastern Michigan,0.024115755627009645,622
2022,offense,stuffed,Eastern Michigan,0.12732919254658384,322
2022,offense,scoring,Eastern Michigan,0.40186915887850466,107
2022,defense,success,Eastern Michigan,0.48503937007874015,635
2022,defense,explosive,Eastern Michigan,0.11496062992125984,635
2022,defense,epa_rush,Eastern Michigan,0.028490330307852155,340
2022,defense,epa_pass,Eastern Michigan,0.13564322603076057,295
2022,defense,ypp,Eastern Michigan,5.707086614173228,635
2022,defense,comp,Eastern Michigan,0.5575539568345323,278
2022,defense,conv3,Eastern Michigan,0.44366197183098594,142
2022,defense,sack,Eastern Michigan,0.0576271186440678,295
2022,defense,int,Eastern Michigan,0.017985611510791366,278
2022,defense,turnover,Eastern Michigan,0.01889763779527559,635
2022,defense,stuffed,Eastern Michigan,0.06764705882352941,340
2022,defense,stop,Eastern Michigan,0.5673076923076923,104
2022,special_teams,fg,Eastern Michigan,0.7777777777777778,9
2022,special_teams,ko_cov,Eastern Michigan,4.222222222222222,45
2022,special_teams,ko_ret,Eastern Michigan,7.2,50
2022,special_teams,punt,Eastern Michigan,35.96,25
2022,special_teams,punt_ret,Eastern Michigan,39.36666666666667,30
2022,special_teams,fg_epa,Eastern Michigan,0.4445082876417372,9
2022,special_teams,ko_epa,Eastern Michigan,-0.2950133124987284,45
2022,special_teams,ko_ret_epa,Eastern Michigan,0.5173620200157165,50
2022,special_teams,punt_epa,Eastern Michigan,-0.27848493605852126,25
2022,special_teams,punt_ret_epa,Eastern Michigan,0.07901648084322611,30
2022,offense,success,Florida,0.45492957746478874,710
2022,offense,explosive,Florida,0.16338028169014085,710
2022,offense,epa_rush,Florida,0.19219837652475766,379
2022,offense,epa_pass,Florida,0.06906455658227671,331
2022,offense,ypp,Florida,7.177464788732395,710
2022,offense,comp,Florida,0.5534591194968553,318
2022,offense,conv3,Florida,0.41304347826086957,138
2022,offense,sack,Florida,0.03927492447129909,331
2022,offense,int,Florida,0.031446540880503145,318
2022,offense,turnover,Florida,0.023943661971830985,710
2022,offense,stuffed,Florida,0.1503957783641161,379
2022,offense,scoring,Florida,0.421875,128
2022,defense,success,Florida,0.47706422018348627,763
2022,defense,explosive,Florida,0.13237221494102228,763
2022,defense,epa_rush,Florida,0.07339410433639434,406
2022,defense,epa_pass,Florida,0.05226873856693888,357
2022,defense,ypp,Florida,6.209698558322412,763
2022,defense,comp,Florida,0.6147058823529412,340
2022,defense,conv3,Florida,0.4931506849315068,146
2022,defense,sack,Florida,0.047619047619047616,357
2022,defense,int,Florida,0.026470588235294117,340
2022,defense,turnover,Florida,0.03014416775884666,763
2022,defense,stuffed,Florida,0.14532019704433496,406
2022,defense,stop,Florida,0.5983606557377049,122
2022,special_teams,fg,Florida,0.631578947368421,19
2022,special_teams,ko_cov,Florida,0.7419354838709677,62
2022,special_teams,ko_ret,Florida,0.29310344827586204,58
2022,special_teams,punt,Florida,42.111111111111114,27
2022,special_teams,punt_ret,Florida,36.94444444444444,36
2022,special_teams,fg_epa,Florida,-0.47562241554260254,19
2022,special_teams,ko_epa,Florida,-0.05157293331238531,62
2022,special_teams,ko_ret_epa,Florida,-0.00877937366222513,58
2022,special_teams,punt_epa,Florida,0.13213899455688619,27
2022,special_teams,punt_ret_epa,Florida,0.07847542646858427,36
2022,offense,success,Florida Atlantic,0.49756888168557534,617
2022,offense,explosive,Florida Atlantic,0.13776337115072934,617
2022,offense,epa_rush,Florida Atlantic,0.046725391312085626,343
2022,offense,epa_pass,Florida Atlantic,-0.014057073143098443,274
2022,offense,ypp,Florida Atlantic,6.191247974068071,617
2022,offense,comp,Florida Atlantic,0.5676691729323309,266
2022,offense,conv3,Florida Atlantic,0.47619047619047616,126
2022,offense,sack,Florida Atlantic,0.029197080291970802,274
2022,offense,int,Florida Atlantic,0.018796992481203006,266
2022,offense,turnover,Florida Atlantic,0.019448946515397084,617
2022,offense,stuffed,Florida Atlantic,0.10495626822157435,343
2022,offense,scoring,Florida Atlantic,0.40860215053763443,93
2022,defense,success,Florida Atlantic,0.48392857142857143,560
2022,defense,explosive,Florida Atlantic,0.13392857142857142,560
2022,defense,epa_rush,Florida Atlantic,0.018138904284053483,290
2022,defense,epa_pass,Florida Atlantic,-0.03324520209249113,270
2022,defense,ypp,Florida Atlantic,6.501785714285714,560
2022,defense,comp,Florida Atlantic,0.6078431372549019,255
2022,defense,conv3,Florida Atlantic,0.44144144144144143,111
2022,defense,sack,Florida Atlantic,0.05555555555555555,270
2022,defense,int,Florida Atlantic,0.027450980392156862,255
2022,defense,turnover,Florida Atlantic,0.02857142857142857,560
2022,defense,stuffed,Florida Atlantic,0.10689655172413794,290
2022,defense,stop,Florida Atlantic,0.6176470588235294,102
2022,special_teams,fg,Florida Atlantic,0.6666666666666666,9
2022,special_teams,ko_cov,Florida Atlantic,7.9714285714285715,35
2022,special_teams,ko_ret,Florida Atlantic,12.64102564102564,39
2022,special_teams,punt,Florida Atlantic,27.583333333333332,24
2022,special_teams,punt_ret,Florida Atlantic,25.62962962962963,27
2022,special_teams,fg_epa,Florida Atlantic,-0.657885366015964,9
2022,special_teams,ko_epa,Florida Atlantic,-0.5325700470379421,35
2022,special_teams,ko_ret_epa,Florida Atlantic,0.8181900427891657,39
2022,special_teams,punt_epa,Florida Atlantic,-0.9260481658081213,24
2022,special_teams,punt_ret_epa,Florida Atlantic,1.0947789792661313,27
2022,offense,success,Florida International,0.4140302613480055,727
2022,offense,explosive,Florida International,0.07702888583218707,727
2022,offense,epa_rush,Florida International,-0.10234895278763313,305
2022,offense,epa_pass,Florida International,-0.1481535549659582,422
2022,offense,ypp,Florida International,4.939477303988996,727
2022,offense,comp,Florida International,0.5784313725490197,408
2022,offense,conv3,Florida International,0.3248407643312102,157
2022,offense,sack,Florida International,0.03317535545023697,422
2022,offense,int,Florida International,0.029411764705882353,408
2022,offense,turnover,Florida International,0.030261348005502064,727
2022,offense,stuffed,Florida International,0.17049180327868851,305
2022,offense,scoring,Florida International,0.1968503937007874,127
2022,defense,success,Florida International,0.49037227214377405,779
2022,defense,explosive,Florida International,0.12195121951219512,779
2022,defense,epa_rush,Florida International,0.06391291313382175,397
2022,defense,epa_pass,Florida International,0.05869370367363866,382
2022,defense,ypp,Florida International,6.346598202824134,779
2022,defense,comp,Florida International,0.6557377049180327,366
2022,defense,conv3,Florida International,0.4900662251655629,151
2022,defense,sack,Florida International,0.041884816753926704,382
2022,defense,int,Florida International,0.02185792349726776,366
2022,defense,turnover,Florida International,0.021822849807445442,779
2022,defense,stuffed,Florida International,0.10075566750629723,397
2022,defense,stop,Florida International,0.5161290322580645,124
2022,special_teams,fg,Florida International,0.6666666666666666,9
2022,special_teams,ko_cov,Florida International,6.03125,32
2022,special_teams,ko_ret,Florida International,2.0625,64
2022,special_teams,punt,Florida International,35.15686274509804,51
2022,special_teams,punt_ret,Florida International,35.57692307692308,26
2022,special_teams,fg_epa,Florida International,-0.3173508644104004,9
2022,special_teams,ko_epa,Florida International,-0.3701039981096983,32
2022,special_teams,ko_ret_epa,Florida International,0.11631403584033251,64
2022,special_teams,punt_epa,Florida International,-0.3828556338946025,51
2022,special_teams,punt_ret_epa,Florida International,0.43140726479200214,26
2022,offense,success,Florida State,0.5231788079470199,755
2022,offense,explosive,Florida State,0.17483443708609273,755
2022,offense,epa_rush,Florida State,0.13429875663263485,412
2022,offense,epa_pass,Florida State,0.19243218728137276,343
2022,offense,ypp,Florida State,7.07682119205298,755
2022,offense,comp,Florida State,0.6319018404907976,326
2022,offense,conv3,Florida State,0.5285714285714286,140
2022,offense,sack,Florida State,0.04956268221574344,343
2022,offense,int,Florida State,0.02147239263803681,326
2022,offense,turnover,Florida State,0.02119205298013245,755
2022,offense,stuffed,Florida State,0.14805825242718446,412
2022,offense,scoring,Florida State,0.4566929133858268,127
2022,defense,success,Florida State,0.4482269503546099,705
2022,defense,explosive,Florida State,0.10780141843971631,705
2022,defense,epa_rush,Florida State,-0.030308076394297234,372
2022,defense,epa_pass,Florida State,-0.1060214060053791,333
2022,defense,ypp,Florida State,4.778723404255319,705
2022,defense,comp,Florida State,0.5728476821192053,302
2022,defense,conv3,Florida State,0.35135135135135137,148
2022,defense,sack,Florida State,0.09309309309309309,333
2022,defense,int,Florida State,0.029801324503311258,302
2022,defense,turnover,Florida State,0.024113475177304965,705
2022,defense,stuffed,Florida State,0.13978494623655913,372
2022,defense,stop,Florida State,0.7419354838709677,124
2022,special_teams,fg,Florida State,0.6,15
2022,special_teams,ko_cov,Florida State,0.34285714285714286,70
2022,special_teams,ko_ret,Florida State,-0.375,40
2022,special_teams,punt,Florida State,37.84,25
2022,special_teams,punt_ret,Florida State,39.44642857142857,56
2022,special_teams,fg_epa,Florida State,-0.7027577956517538,15
2022,special_teams,ko_epa,Florida State,0.01364242604800633,70
2022,special_teams,ko_ret_epa,Florida State,-0.05835843086242676,40
2022,special_teams,punt_epa,Florida State,-0.028541316986083986,25
2022,special_teams,punt_ret_epa,Florida State,0.17322960083505937,56
2022,offense,success,Fresno State,0.5246153846153846,650
2022,offense,explosive,Fresno State,0.10307692307692308,650
2022,offense,epa_rush,Fresno State,0.06869461801169255,295
2022,offense,epa_pass,Fresno State,0.05466097148683955,355
2022,offense,ypp,Fresno State,6.150769230769231,650
2022,offense,comp,Fresno State,0.7181818181818181,330
2022,offense,conv3,Fresno State,0.48333333333333334,120
2022,offense,sack,Fresno State,0.07042253521126761,355
2022,offense,int,Fresno State,0.030303030303030304,330
2022,offense,turnover,Fresno State,0.024615384615384615,650
2022,offense,stuffed,Fresno State,0.1288135593220339,295
2022,offense,scoring,Fresno State,0.45871559633027525,109
2022,defense,success,Fresno State,0.4369369369369369,666
2022,defense,explosive,Fresno State,0.13513513513513514,666
2022,defense,epa_rush,Fresno State,0.04483724833212555,345
2022,defense,epa_pass,Fresno State,0.017736652508061408,321
2022,defense,ypp,Fresno State,5.596096096096096,666
2022,defense,comp,Fresno State,0.57,300
2022,defense,conv3,Fresno State,0.41134751773049644,141
2022,defense,sack,Fresno State,0.06542056074766354,321
2022,defense,int,Fresno State,0.016666666666666666,300
2022,defense,turnover,Fresno State,0.016516516516516516,666
2022,defense,stuffed,Fresno State,0.19130434782608696,345
2022,defense,stop,Fresno State,0.6160714285714286,112
2022,special_teams,fg,Fresno State,0.7619047619047619,21
2022,special_teams,ko_cov,Fresno State,3.1272727272727274,55
2022,special_teams,ko_ret,Fresno State,3.5681818181818183,44
2022,special_teams,punt,Fresno State,37.827586206896555,29
2022,special_teams,punt_ret,Fresno State,39.25714285714286,35
2022,special_teams,fg_epa,Fresno State,-0.23378664538973853,21
2022,special_teams,ko_epa,Fresno State,-0.1361260392449119,55
2022,special_teams,ko_ret_epa,Fresno State,0.2387274761091579,44
2022,special_teams,punt_epa,Fresno State,-0.3538685441017151,29
2022,special_teams,punt_ret_epa,Fresno State,0.12006614804267883,35
2022,offense,success,Georgia,0.5766016713091922,718
2022,offense,explosive,Georgia,0.14345403899721448,718
2022,offense,epa_rush,Georgia,0.09311306564862173,349
2022,offense,epa_pass,Georgia,0.2813724984304058,369
2022,offense,ypp,Georgia,7.139275766016713,718
2022,offense,comp,Georgia,0.6795580110497238,362
2022,offense,conv3,Georgia,0.5289256198347108,121
2022,offense,sack,Georgia,0.018970189701897018,369
2022,offense,int,Georgia,0.013812154696132596,362
2022,offense,turnover,Georgia,0.020891364902506964,718
2022,offense,stuffed,Georgia,0.166189111747851,349
2022,offense,scoring,Georgia,0.576271186440678,118
2022,defense,success,Georgia,0.3714759535655058,603
2022,defense,explosive,Georgia,0.0779436152570481,603
2022,defense,epa_rush,Georgia,-0.2106979586555834,251
2022,defense,epa_pass,Georgia,-0.20472786210118532,352
2022,defense,ypp,Georgia,4.625207296849088,603
2022,defense,comp,Georgia,0.5552238805970149,335
2022,defense,conv3,Georgia,0.2733812949640288,139
2022,defense,sack,Georgia,0.048295454545454544,352
2022,defense,int,Georgia,0.020895522388059702,335
2022,defense,turnover,Georgia,0.024875621890547265,603
2022,defense,stuffed,Georgia,0.19123505976095617,251
2022,defense,stop,Georgia,0.7844827586206896,116
2022,special_teams,fg,Georgia,0.9,20
2022,special_teams,ko_cov,Georgia,-0.06944444444444445,72
2022,special_teams,ko_ret,Georgia,3.0555555555555554,36
2022,special_teams,punt,Georgia,41.666666666666664,24
2022,special_teams,punt_ret,Georgia,37.44230769230769,52
2022,special_teams,fg_epa,Georgia,0.39025415778160094,20
2022,special_teams,ko_epa,Georgia,0.019137207004759047,72
2022,special_teams,ko_ret_epa,Georgia,0.20879987047778237,36
2022,special_teams,punt_epa,Georgia,-0.12496620416641235,24
2022,special_teams,punt_ret_epa,Georgia,0.2788111584690901,52
2022,offense,success,Georgia Southern,0.4857142857142857,700
2022,offense,explosive,Georgia Southern,0.10428571428571429,700
2022,offense,epa_rush,Georgia Southern,0.08085107121274816,269
2022,offense,epa_pass,Georgia Southern,0.1386881465968083,431
2022,offense,ypp,Georgia Southern,6.21,700
2022,offense,comp,Georgia Southern,0.6032863849765259,426
2022,offense,conv3,Georgia Southern,0.5,144
2022,offense,sack,Georgia Southern,0.01160092807424594,431
2022,offense,int,Georgia Southern,0.025821596244131457,426
2022,offense,turnover,Georgia Southern,0.02,700
2022,offense,stuffed,Georgia Southern,0.1524163568773234,269
2022,offense,scoring,Georgia Southern,0.44545454545454544,110
2022,defense,success,Georgia Southern,0.4728682170542636,645
2022,defense,explosive,Georgia Southern,0.16434108527131783,645
2022,defense,epa_rush,Georgia Southern,0.21597248466326058,326
2022,defense,epa_pass,Georgia Southern,0.015265417709509762,319
2022,defense,ypp,Georgia Southern,6.575193798449613,645
2022,defense,comp,Georgia Southern,0.5901639344262295,305
2022,defense,conv3,Georgia Southern,0.4067796610169492,118
2022,defense,sack,Georgia Southern,0.0438871473354232,319
2022,defense,int,Georgia Southern,0.03278688524590164,305
2022,defense,turnover,Georgia Southern,0.018604651162790697,645
2022,defense,stuffed,Georgia Southern,0.12269938650306748,326
2022,defense,stop,Georgia Southern,0.6,115
2022,special_teams,fg,Georgia Southern,0.75,16
2022,special_teams,ko_cov,Georgia Southern,1.5614035087719298,57
2022,special_teams,ko_ret,Georgia Southern,-0.24528301886792453,53
2022,special_teams,punt,Georgia Southern,35.03333333333333,30
2022,special_teams,punt_ret,Georgia Southern,36.28125,32
2022,special_teams,fg_epa,Georgia Southern,-0.37507490813732147,16
2022,special_teams,ko_epa,Georgia Southern,-0.10235915058537533,57
2022,special_teams,ko_ret_epa,Georgia Southern,-0.031970244533610796,53
2022,special_teams,punt_epa,Georgia Southern,-0.4291885934770107,30
2022,special_teams,punt_ret_epa,Georgia Southern,0.45237881131470203,32
2022,offense,success,Georgia State,0.4630177514792899,676
2022,offense,explosive,Georgia State,0.13757396449704143,676
2022,offense,epa_rush,Georgia State,0.034244633423270096,424
2022,offense,epa_pass,Georgia State,-0.024027707100915292,252
2022,offense,ypp,Georgia State,5.899408284023669,676
2022,offense,comp,Georgia State,0.5622317596566524,233
2022,offense,conv3,Georgia State,0.43884892086330934,139
2022,offense,sack,Georgia State,0.07539682539682539,252
2022,offense,int,Georgia State,0.02575107296137339,233
2022,offense,turnover,Georgia State,0.03106508875739645,676
2022,offense,stuffed,Georgia State,0.16745283018867924,424
2022,offense,scoring,Georgia State,0.33613445378151263,119
2022,defense,success,Georgia State,0.46325878594249204,626
2022,defense,explosive,Georgia State,0.12140575079872204,626
2022,defense,epa_rush,Georgia State,0.025663363651314032,343
2022,defense,epa_pass,Georgia State,-0.179126929268227,283
2022,defense,ypp,Georgia State,5.800319488817891,626
2022,defense,comp,Georgia State,0.5862068965517241,261
2022,defense,conv3,Georgia State,0.36363636363636365,121
2022,defense,sack,Georgia State,0.07773851590106007,283
2022,defense,int,Georgia State,0.038314176245210725,261
2022,defense,turnover,Georgia State,0.023961661341853034,626
2022,defense,stuffed,Georgia State,0.1457725947521866,343
2022,defense,stop,Georgia State,0.6608695652173913,115
2022,special_teams,fg,Georgia State,0.6666666666666666,9
2022,special_teams,ko_cov,Georgia State,3.3777777777777778,45
2022,special_teams,ko_ret,Georgia State,1.3404255319148937,47
2022,special_teams,punt,Georgia State,40.96774193548387,31
2022,special_teams,punt_ret,Georgia State,36.75,36
2022,special_teams,fg_epa,Georgia State,0.0021597279442681205,9
2022,special_teams,ko_epa,Georgia State,-0.21632716390821669,45
2022,special_teams,ko_ret_epa,Georgia State,0.09242097367631628,47
2022,special_teams,punt_epa,Georgia State,-0.09561388963653196,31
2022,special_teams,punt_ret_epa,Georgia State,0.3404825799581077,36
2022,offense,success,Georgia Tech,0.3733133433283358,667
2022,offense,explosive,Georgia Tech,0.13793103448275862,667
2022,offense,epa_rush,Georgia Tech,0.021237405017339908,306
2022,offense,epa_pass,Georgia Tech,-0.24499969606545183,361
2022,offense,ypp,Georgia Tech,5.262368815592204,667
2022,offense,comp,Georgia Tech,0.5674846625766872,326
2022,offense,conv3,Georgia Tech,0.30201342281879195,149
2022,offense,sack,Georgia Tech,0.09695290858725762,361
2022,offense,int,Georgia Tech,0.024539877300613498,326
2022,offense,turnover,Georgia Tech,0.020989505247376312,667
2022,offense,stuffed,Georgia Tech,0.20261437908496732,306
2022,offense,scoring,Georgia Tech,0.25984251968503935,127
2022,defense,success,Georgia Tech,0.47702702702702704,740
2022,defense,explosive,Georgia Tech,0.14054054054054055,740
2022,defense,epa_rush,Georgia Tech,-0.04771985030082582,400
2022,defense,epa_pass,Georgia Tech,-0.07392903215660589,340
2022,defense,ypp,Georgia Tech,5.616216216216216,740
2022,defense,comp,Georgia Tech,0.5849056603773585,318
2022,defense,conv3,Georgia Tech,0.3904109589041096,146
2022,defense,sack,Georgia Tech,0.06470588235294118,340
2022,defense,int,Georgia Tech,0.03773584905660377,318
2022,defense,turnover,Georgia Tech,0.03513513513513514,740
2022,defense,stuffed,Georgia Tech,0.155,400
2022,defense,stop,Georgia Tech,0.6535433070866141,127
2022,special_teams,fg,Georgia Tech,0.7777777777777778,18
2022,special_teams,ko_cov,Georgia Tech,3.757575757575758,33
2022,special_teams,ko_ret,Georgia Tech,2.150943396226415,53
2022,special_teams,punt,Georgia Tech,32.388888888888886,54
2022,special_teams,punt_ret,Georgia Tech,36.875,32
2022,special_teams,fg_epa,Georgia Tech,-0.10895833041932848,18
2022,special_teams,ko_epa,Georgia Tech,-0.260762044877717,33
2022,special_teams,ko_ret_epa,Georgia Tech,0.17139679868266267,53
2022,special_teams,punt_epa,Georgia Tech,-0.7053307806728063,54
2022,special_teams,punt_ret_epa,Georgia Tech,0.18196546495892107,32
2022,offense,success,Hawai'i,0.4340369393139842,758
2022,offense,explosive,Hawai'i,0.10422163588390501,758
2022,offense,epa_rush,Hawai'i,0.19973908382651642,321
2022,offense,epa_pass,Hawai'i,-0.19897012324496433,437
2022,offense,ypp,Hawai'i,5.366754617414248,758
2022,offense,comp,Hawai'i,0.5201900237529691,421
2022,offense,conv3,Hawai'i,0.3515151515151515,165
2022,offense,sack,Hawai'i,0.036613272311212815,437
2022,offense,int,Hawai'i,0.028503562945368172,421
2022,offense,turnover,Hawai'i,0.023746701846965697,758
2022,offense,stuffed,Hawai'i,0.1308411214953271,321
2022,offense,scoring,Hawai'i,0.2803030303030303,132
2022,defense,success,Hawai'i,0.5034867503486751,717
2022,defense,explosive,Hawai'i,0.1492329149232915,717
2022,defense,epa_rush,Hawai'i,0.1815044213576587,394
2022,defense,epa_pass,Hawai'i,0.07047148951935986,323
2022,defense,ypp,Hawai'i,7.00697350069735,717
2022,defense,comp,Hawai'i,0.6375404530744336,309
2022,defense,conv3,Hawai'i,0.4153846153846154,130
2022,defense,sack,Hawai'i,0.043343653250773995,323
2022,defense,int,Hawai'i,0.02912621359223301,309
2022,defense,turnover,Hawai'i,0.019525801952580194,717
2022,defense,stuffed,Hawai'i,0.1218274111675127,394
2022,defense,stop,Hawai'i,0.5161290322580645,124
2022,special_teams,fg,Hawai'i,0.8125,16
2022,special_teams,ko_cov,Hawai'i,3.2127659574468086,47
2022,special_teams,ko_ret,Hawai'i,-0.8985507246376812,69
2022,special_teams,punt,Hawai'i,36.244897959183675,49
2022,special_teams,punt_ret,Hawai'i,37.42424242424242,33
2022,special_teams,fg_epa,Hawai'i,-0.05531627684831619,16
2022,special_teams,ko_epa,Hawai'i,-0.21185057213965883,47
2022,special_teams,ko_ret_epa,Hawai'i,-0.10878667624100395,69
2022,special_teams,punt_epa,Hawai'i,-0.28684595348883646,49
2022,special_teams,punt_ret_epa,Hawai'i,0.38648517881378985,33
2022,offense,success,Houston,0.5209840810419681,691
2022,offense,explosive,Houston,0.12590448625180897,691
2022,offense,epa_rush,Houston,0.12292999947448455,293
2022,offense,epa_pass,Houston,0.22187663097642976,398
2022,offense,ypp,Houston,6.687409551374819,691
2022,offense,comp,Houston,0.6825396825396826,378
2022,offense,conv3,Houston,0.5,136
2022,offense,sack,Houston,0.05025125628140704,398
2022,offense,int,Houston,0.023809523809523808,378
2022,offense,turnover,Houston,0.02604920405209841,691
2022,offense,stuffed,Houston,0.13651877133105803,293
2022,offense,scoring,Houston,0.4462809917355372,121
2022,defense,success,Houston,0.465564738292011,726
2022,defense,explosive,Houston,0.11570247933884298,726
2022,defense,epa_rush,Houston,0.03381409740450687,338
2022,defense,epa_pass,Houston,0.10373180962817219,388
2022,defense,ypp,Houston,6.194214876033058,726
2022,defense,comp,Houston,0.659400544959128,367
2022,defense,conv3,Houston,0.4740740740740741,135
2022,defense,sack,Houston,0.05412371134020619,388
2022,defense,int,Houston,0.01634877384196185,367
2022,defense,turnover,Houston,0.02203856749311295,726
2022,defense,stuffed,Houston,0.1834319526627219,338
2022,defense,stop,Houston,0.5084745762711864,118
2022,special_teams,fg,Houston,0.6666666666666666,15
2022,special_teams,ko_cov,Houston,1.6545454545454545,55
2022,special_teams,ko_ret,Houston,3.566666666666667,60
2022,special_teams,punt,Houston,40.55555555555556,27
2022,special_teams,punt_ret,Houston,39.72727272727273,22
2022,special_teams,fg_epa,Houston,-0.6811295429865519,15
2022,special_teams,ko_epa,Houston,-0.10357414267279885,55
2022,special_teams,ko_ret_epa,Houston,0.26778447230656943,60
2022,special_teams,punt_epa,Houston,-0.12138801923504582,27
2022,special_teams,punt_ret_epa,Houston,0.01611311462792483,22
2022,offense,success,Illinois,0.4641975308641975,810
2022,offense,explosive,Illinois,0.10987654320987654,810
2022,offense,epa_rush,Illinois,-0.05717990984772219,456
2022,offense,epa_pass,Illinois,0.039536456107871536,354
2022,offense,ypp,Illinois,5.519753086419753,810
2022,offense,comp,Illinois,0.7002967359050445,337
2022,offense,conv3,Illinois,0.4121212121212121,165
2022,offense,sack,Illinois,0.0480225988700565,354
2022,offense,int,Illinois,0.008902077151335312,337
2022,offense,turnover,Illinois,0.022222222222222223,810
2022,offense,stuffed,Illinois,0.1513157894736842,456
2022,offense,scoring,Illinois,0.3381294964028777,139
2022,defense,success,Illinois,0.34294385432473445,659
2022,defense,explosive,Illinois,0.10166919575113809,659
2022,defense,epa_rush,Illinois,-0.12273028292219545,296
2022,defense,epa_pass,Illinois,-0.29183475917773827,363
2022,defense,ypp,Illinois,4.76783004552352,659
2022,defense,comp,Illinois,0.4911242603550296,338
2022,defense,conv3,Illinois,0.29605263157894735,152
2022,defense,sack,Illinois,0.06887052341597796,363
2022,defense,int,Illinois,0.05325443786982249,338
2022,defense,turnover,Illinois,0.03793626707132018,659
2022,defense,stuffed,Illinois,0.20945945945945946,296
2022,defense,stop,Illinois,0.7769784172661871,139
2022,special_teams,fg,Illinois,0.8181818181818182,22
2022,special_teams,ko_cov,Illinois,1.125,56
2022,special_teams,ko_ret,Illinois,2.642857142857143,42
2022,special_teams,punt,Illinois,36.08,50
2022,special_teams,punt_ret,Illinois,39.03125,64
2022,special_teams,fg_epa,Illinois,0.1518251354044134,22
2022,special_teams,ko_epa,Illinois,-0.0728376390678542,56
2022,special_teams,ko_ret_epa,Illinois,0.17012161584127516,42
2022,special_teams,punt_epa,Illinois,-0.42765379071235654,50
2022,special_teams,punt_ret_epa,Illinois,0.22477400553179905,64
2022,offense,success,Indiana,0.39470365699873894,793
2022,offense,explosive,Indiana,0.09331651954602774,793
2022,offense,epa_rush,Indiana,-0.008133178077845584,318
2022,offense,epa_pass,Indiana,-0.1605702294535857,475
2022,offense,ypp,Indiana,4.897856242118537,793
2022,offense,comp,Indiana,0.5349887133182845,443
2022,offense,conv3,Indiana,0.3485714285714286,175
2022,offense,sack,Indiana,0.06736842105263158,475
2022,offense,int,Indiana,0.024830699774266364,443
2022,offense,turnover,Indiana,0.021437578814627996,793
2022,offense,stuffed,Indiana,0.1761006289308176,318
2022,offense,scoring,Indiana,0.2692307692307692,156
2022,defense,success,Indiana,0.47215777262180975,862
2022,defense,explosive,Indiana,0.11136890951276102,862
2022,defense,epa_rush,Indiana,-0.08684284174385384,471
2022,defense,epa_pass,Indiana,0.21465828755023017,391
2022,defense,ypp,Indiana,6.025522041763341,862
2022,defense,comp,Indiana,0.6392572944297082,377
2022,defense,conv3,Indiana,0.4393063583815029,173
2022,defense,sack,Indiana,0.03580562659846547,391
2022,defense,int,Indiana,0.01856763925729443,377
2022,defense,turnover,Indiana,0.018561484918793503,862
2022,defense,stuffed,Indiana,0.1613588110403397,471
2022,defense,stop,Indiana,0.6209150326797386,153
2022,special_teams,fg,Indiana,0.7647058823529411,17
2022,special_teams,ko_cov,Indiana,2.0,51
2022,special_teams,ko_ret,Indiana,0.8382352941176471,68
2022,special_teams,punt,Indiana,39.76119402985075,67
2022,special_teams,punt_ret,Indiana,39.5,56
2022,special_teams,fg_epa,Indiana,0.16501970852122588,17
2022,special_teams,ko_epa,Indiana,-0.12964051143795835,51
2022,special_teams,ko_ret_epa,Indiana,0.03472227033446817,68
2022,special_teams,punt_epa,Indiana,-0.14378875783130304,67
2022,special_teams,punt_ret_epa,Indiana,0.20946912094950676,56
2022,offense,success,Iowa,0.38898163606010017,599
2022,offense,explosive,Iowa,0.08013355592654424,599
2022,offense,epa_rush,Iowa,-0.1821434209874004,298
2022,offense,epa_pass,Iowa,-0.29891200111436905,301
2022,offense,ypp,Iowa,4.325542570951586,599
2022,offense,comp,Iowa,0.550561797752809,267
2022,offense,conv3,Iowa,0.3,140
2022,offense,sack,Iowa,0.11295681063122924,301
2022,offense,int,Iowa,0.026217228464419477,267
2022,offense,turnover,Iowa,0.025041736227045076,599
2022,offense,stuffed,Iowa,0.20134228187919462,298
2022,offense,scoring,Iowa,0.224,125
2022,defense,success,Iowa,0.39420289855072466,690
2022,defense,explosive,Iowa,0.06666666666666667,690
2022,defense,epa_rush,Iowa,-0.06838124893339613,327
2022,defense,epa_pass,Iowa,-0.2790451304123847,363
2022,defense,ypp,Iowa,4.056521739130435,690
2022,defense,comp,Iowa,0.5857988165680473,338
2022,defense,conv3,Iowa,0.33125,160
2022,defense,sack,Iowa,0.06887052341597796,363
2022,defense,int,Iowa,0.038461538461538464,338
2022,defense,turnover,Iowa,0.03188405797101449,690
2022,defense,stuffed,Iowa,0.17737003058103976,327
2022,defense,stop,Iowa,0.7829457364341085,129
2022,special_teams,fg,Iowa,0.7777777777777778,18
2022,special_teams,ko_cov,Iowa,0.9767441860465116,43
2022,special_teams,ko_ret,Iowa,0.4411764705882353,34
2022,special_teams,punt,Iowa,39.45614035087719,57
2022,special_teams,punt_ret,Iowa,36.37931034482759,58
2022,special_teams,fg_epa,Iowa,0.22691205475065443,18
2022,special_teams,ko_epa,Iowa,-0.032091293224068576,43
2022,special_teams,ko_ret_epa,Iowa,0.030469445621266085,34
2022,special_teams,punt_epa,Iowa,-0.0599820007357681,57
2022,special_teams,punt_ret_epa,Iowa,0.3143395996042367,58
2022,offense,success,Iowa State,0.42704149933065594,747
2022,offense,explosive,Iowa State,0.0856760374832664,747
2022,offense,epa_rush,Iowa State,-0.14801812031263628,299
2022,offense,epa_pass,Iowa State,0.0540181973061051,448
2022,offense,ypp,Iowa State,5.125836680053547,747
2022,offense,comp,Iowa State,0.6745283018867925,424
2022,offense,conv3,Iowa State,0.4171779141104294,163
2022,offense,sack,Iowa State,0.05357142857142857,448
2022,offense,int,Iowa State,0.0330188679245283,424
2022,offense,turnover,Iowa State,0.030789825970548863,747
2022,offense,stuffed,Iowa State,0.16722408026755853,299
2022,offense,scoring,Iowa State,0.30578512396694213,121
2022,defense,success,Iowa State,0.4316309719934102,607
2022,defense,explosive,Iowa State,0.09555189456342669,607
2022,defense,epa_rush,Iowa State,-0.16866339352495544,312
2022,defense,epa_pass,Iowa State,-0.06312627387941255,295
2022,defense,ypp,Iowa State,4.803953871499176,607
2022,defense,comp,Iowa State,0.5523465703971119,277
2022,defense,conv3,Iowa State,0.29850746268656714,134
2022,defense,sack,Iowa State,0.061016949152542375,295
2022,defense,int,Iowa State,0.032490974729241874,277
2022,defense,turnover,Iowa State,0.03130148270181219,607
2022,defense,stuffed,Iowa State,0.20192307692307693,312
2022,defense,stop,Iowa State,0.75,124
2022,special_teams,fg,Iowa State,0.6666666666666666,18
2022,special_teams,ko_cov,Iowa State,-1.2444444444444445,45
2022,special_teams,ko_ret,Iowa State,-0.2857142857142857,35
2022,special_teams,punt,Iowa State,39.7,30
2022,special_teams,punt_ret,Iowa State,36.56410256410256,39
2022,special_teams,fg_epa,Iowa State,-0.5248542759153578,18
2022,special_teams,ko_epa,Iowa State,0.11934028466542562,45
2022,special_teams,ko_ret_epa,Iowa State,-0.04125523056302752,35
2022,special_teams,punt_epa,Iowa State,-0.2315187305212021,30
2022,special_teams,punt_ret_epa,Iowa State,0.3859432599483392,39
2022,offense,success,James Madison,0.4827586206896552,667
2022,offense,explosive,James Madison,0.14842578710644677,667
2022,offense,epa_rush,James Madison,-0.06772144918483092,380
2022,offense,epa_pass,James Madison,0.03925868033153481,287
2022,offense,ypp,James Madison,6.053973013493254,667
2022,offense,comp,James Madison,0.6037037037037037,270
2022,offense,conv3,James Madison,0.3629032258064516,124
2022,offense,sack,James Madison,0.059233449477351915,287
2022,offense,int,James Madison,0.03333333333333333,270
2022,offense,turnover,James Madison,0.02848575712143928,667
2022,offense,stuffed,James Madison,0.1763157894736842,380
2022,offense,scoring,James Madison,0.368,125
2022,defense,success,James Madison,0.33697632058287796,549
2022,defense,explosive,James Madison,0.10018214936247723,549
2022,defense,epa_rush,James Madison,-0.2101065319856576,250
2022,defense,epa_pass,James Madison,-0.09693883445393434,299
2022,defense,ypp,James Madison,4.967213114754099,549
2022,defense,comp,James Madison,0.5555555555555556,270
2022,defense,conv3,James Madison,0.2845528455284553,123
2022,defense,sack,James Madison,0.09698996655518395,299
2022,defense,int,James Madison,0.037037037037037035,270
2022,defense,turnover,James Madison,0.0273224043715847,549
2022,defense,stuffed,James Madison,0.288,250
2022,defense,stop,James Madison,0.7441860465116279,129
2022,special_teams,fg,James Madison,0.6428571428571429,14
2022,special_teams,ko_cov,James Madison,0.22916666666666666,48
2022,special_teams,ko_ret,James Madison,6.266666666666667,45
2022,special_teams,punt,James Madison,38.638888888888886,36
2022,special_teams,punt_ret,James Madison,37.35849056603774,53
2022,special_teams,fg_epa,James Madison,-0.6231173191751752,14
2022,special_teams,ko_epa,James Madison,-0.010194810728232065,48
2022,special_teams,ko_ret_epa,James Madison,0.42844341860877144,45
2022,special_teams,punt_epa,James Madison,-0.2249426378144158,36
2022,special_teams,punt_ret_epa,James Madison,0.2874173169147293,53
2022,offense,success,Kansas,0.49348534201954397,614
2022,offense,explosive,Kansas,0.17263843648208468,614
2022,offense,epa_rush,Kansas,0.09515316885442976,343
2022,offense,epa_pass,Kansas,0.37188105602585836,271
2022,offense,ypp,Kansas,7.54885993485342,614
2022,offense,comp,Kansas,0.6425855513307985,263
2022,offense,conv3,Kansas,0.5210084033613446,119
2022,offense,sack,Kansas,0.02952029520295203,271
2022,offense,int,Kansas,0.022813688212927757,263
2022,offense,turnover,Kansas,0.03257328990228013,614
2022,offense,stuffed,Kansas,0.15743440233236153,343
2022,offense,scoring,Kansas,0.49137931034482757,116
2022,defense,success,Kansas,0.49417852522639066,773
2022,defense,explosive,Kansas,0.1073738680465718,773
2022,defense,epa_rush,Kansas,0.08553202705815022,386
2022,defense,epa_pass,Kansas,0.12639630666079324,387
2022,defense,ypp,Kansas,5.910737386804657,773
2022,defense,comp,Kansas,0.6502732240437158,366
2022,defense,conv3,Kansas,0.47651006711409394,149
2022,defense,sack,Kansas,0.05426356589147287,387
2022,defense,int,Kansas,0.030054644808743168,366
2022,defense,turnover,Kansas,0.02199223803363519,773
2022,defense,stuffed,Kansas,0.10621761658031088,386
2022,defense,stop,Kansas,0.559322033898305,118
2022,special_teams,fg,Kansas,0.5,14
2022,special_teams,ko_cov,Kansas,8.96551724137931,58
2022,special_teams,ko_ret,Kansas,12.345454545454546,55
2022,special_teams,punt,Kansas,25.130434782608695,23
2022,special_teams,punt_ret,Kansas,37.48,25
2022,special_teams,fg_epa,Kansas,-1.328785581248147,14
2022,special_teams,ko_epa,Kansas,-0.6264389609468395,58
2022,special_teams,ko_ret_epa,Kansas,0.8270260767503218,55
2022,special_teams,punt_epa,Kansas,-1.1230396874572919,23
2022,special_teams,punt_ret_epa,Kansas,0.30323755264282226,25
2022,offense,success,Kansas State,0.46476761619190404,667
2022,offense,explosive,Kansas State,0.1424287856071964,667
2022,offense,epa_rush,Kansas State,0.038632520835555656,381
2022,offense,epa_pass,Kansas State,0.08977315529097314,286
2022,offense,ypp,Kansas State,6.388305847076462,667
2022,offense,comp,Kansas State,0.6410256410256411,273
2022,offense,conv3,Kansas State,0.3712121212121212,132
2022,offense,sack,Kansas State,0.045454545454545456,286
2022,offense,int,Kansas State,0.01098901098901099,273
2022,offense,turnover,Kansas State,0.01649175412293853,667
2022,offense,stuffed,Kansas State,0.14435695538057744,381
2022,offense,scoring,Kansas State,0.4166666666666667,120
2022,defense,success,Kansas State,0.41884057971014493,690
2022,defense,explosive,Kansas State,0.09420289855072464,690
2022,defense,epa_rush,Kansas State,-0.01865808506755999,322
2022,defense,epa_pass,Kansas State,-0.18452586736384227,368
2022,defense,ypp,Kansas State,5.153623188405797,690
2022,defense,comp,Kansas State,0.5668604651162791,344
2022,defense,conv3,Kansas State,0.36054421768707484,147
2022,defense,sack,Kansas State,0.06521739130434782,368
2022,defense,int,Kansas State,0.04941860465116279,344
2022,defense,turnover,Kansas State,0.036231884057971016,690
2022,defense,stuffed,Kansas State,0.15838509316770186,322
2022,defense,stop,Kansas State,0.7338709677419355,124
2022,special_teams,fg,Kansas State,0.7368421052631579,19
2022,special_teams,ko_cov,Kansas State,0.9803921568627451,51
2022,special_teams,ko_ret,Kansas State,2.972972972972973,37
2022,special_teams,punt,Kansas State,39.25714285714286,35
2022,special_teams,punt_ret,Kansas State,37.25,40
2022,special_teams,fg_epa,Kansas State,-0.4107769915932103,19
2022,special_teams,ko_epa,Kansas State,-0.06176544871984744,51
2022,special_teams,ko_ret_epa,Kansas State,0.19953786682438207,37
2022,special_teams,punt_epa,Kansas State,-0.27919180052621023,35
2022,special_teams,punt_ret_epa,Kansas State,0.21015146300196647,40
2022,offense,success,Kent State,0.4907801418439716,705
2022,offense,explosive,Kent State,0.15602836879432624,705
2022,offense,epa_rush,Kent State,0.10116221807739338,417
2022,offense,epa_pass,Kent State,0.03774200230672399,288
2022,offense,ypp,Kent State,6.141843971631205,705
2022,offense,comp,Kent State,0.5693430656934306,274
2022,offense,conv3,Kent State,0.4338235294117647,136
2022,offense,sack,Kent State,0.04861111111111111,288
2022,offense,int,Kent State,0.025547445255474453,274
2022,offense,turnover,Kent State,0.019858156028368795,705
2022,offense,stuffed,Kent State,0.11750599520383694,417
2022,offense,scoring,Kent State,0.38333333333333336,120
2022,defense,success,Kent State,0.5122615803814714,734
2022,defense,explosive,Kent State,0.11035422343324251,734
2022,defense,epa_rush,Kent State,0.03900002669155423,358
2022,defense,epa_pass,Kent State,0.2405061072746743,376
2022,defense,ypp,Kent State,6.212534059945504,734
2022,defense,comp,Kent State,0.7033898305084746,354
2022,defense,conv3,Kent State,0.4383561643835616,146
2022,defense,sack,Kent State,0.05851063829787234,376
2022,defense,int,Kent State,0.01694915254237288,354
2022,defense,turnover,Kent State,0.017711171662125342,734
2022,defense,stuffed,Kent State,0.1452513966480447,358
2022,defense,stop,Kent State,0.5967741935483871,124
2022,special_teams,fg,Kent State,0.6521739130434783,23
2022,special_teams,ko_cov,Kent State,6.918367346938775,49
2022,special_teams,ko_ret,Kent State,6.596153846153846,52
2022,special_teams,punt,Kent State,35.51724137931034,29
2022,special_teams,punt_ret,Kent State,29.91176470588235,34
2022,special_teams,fg_epa,Kent State,-0.34508752822875977,23
2022,special_teams,ko_epa,Kent State,-0.50831673704848,49
2022,special_teams,ko_ret_epa,Kent State,0.4398781152871939,52
2022,special_teams,punt_epa,Kent State,-0.3762565368208392,29
2022,special_teams,punt_ret_epa,Kent State,0.832060179727919,34
2022,offense,success,Kentucky,0.4419713831478537,629
2022,offense,explosive,Kentucky,0.12559618441971382,629
2022,offense,epa_rush,Kentucky,-0.03609252183220378,325
2022,offense,epa_pass,Kentucky,-0.025721627027378263,304
2022,offense,ypp,Kentucky,5.858505564387917,629
2022,offense,comp,Kentucky,0.6452830188679245,265
2022,offense,conv3,Kentucky,0.4122137404580153,131
2022,offense,sack,Kentucky,0.12828947368421054,304
2022,offense,int,Kentucky,0.045283018867924525,265
2022,offense,turnover,Kentucky,0.034976152623211444,629
2022,offense,stuffed,Kentucky,0.21846153846153846,325
2022,offense,scoring,Kentucky,0.3482142857142857,112
2022,defense,success,Kentucky,0.3963210702341137,598
2022,defense,explosive,Kentucky,0.10033444816053512,598
2022,defense,epa_rush,Kentucky,-0.06293399319697143,312
2022,defense,epa_pass,Kentucky,-0.13949390522469468,286
2022,defense,ypp,Kentucky,5.466555183946488,598
2022,defense,comp,Kentucky,0.5860805860805861,273
2022,defense,conv3,Kentucky,0.3484848484848485,132
2022,defense,sack,Kentucky,0.045454545454545456,286
2022,defense,int,Kentucky,0.02564102564102564,273
2022,defense,turnover,Kentucky,0.026755852842809364,598
2022,defense,stuffed,Kentucky,0.20192307692307693,312
2022,defense,stop,Kentucky,0.6936936936936937,111
2022,special_teams,fg,Kentucky,0.631578947368421,19
2022,special_teams,ko_cov,Kentucky,4.1521739130434785,46
2022,special_teams,ko_ret,Kentucky,3.2051282051282053,39
2022,special_teams,punt,Kentucky,36.885714285714286,35
2022,special_teams,punt_ret,Kentucky,38.642857142857146,42
2022,special_teams,fg_epa,Kentucky,-0.5417804404308921,19
2022,special_teams,ko_epa,Kentucky,-0.30267962165500806,46
2022,special_teams,ko_ret_epa,Kentucky,0.19564156501721114,39
2022,special_teams,punt_epa,Kentucky,-0.14892484630857195,35
2022,special_teams,punt_ret_epa,Kentucky,0.046778161965665366,42
2022,offense,success,LSU,0.525,720
2022,offense,explosive,LSU,0.12638888888888888,720
2022,offense,epa_rush,LSU,0.1062836835337024,356
2022,offense,epa_pass,LSU,0.030509623684427375,364
2022,offense,ypp,LSU,6.233333333333333,720
2022,offense,comp,LSU,0.6779141104294478,326
2022,offense,conv3,LSU,0.46923076923076923,130
2022,offense,sack,LSU,0.1043956043956044,364
2022,offense,int,LSU,0.012269938650306749,326
2022,offense,turnover,LSU,0.013888888888888888,720
2022,offense,stuffed,LSU,0.12921348314606743,356
2022,offense,scoring,LSU,0.40350877192982454,114
2022,defense,success,LSU,0.4324734446130501,659
2022,defense,explosive,LSU,0.11987860394537178,659
2022,defense,epa_rush,LSU,0.01636038654409174,334
2022,defense,epa_pass,LSU,-0.11462250942873561,325
2022,defense,ypp,LSU,5.517450682852807,659
2022,defense,comp,LSU,0.5514950166112956,301
2022,defense,conv3,LSU,0.4014084507042254,142
2022,defense,sack,LSU,0.07384615384615385,325
2022,defense,int,LSU,0.019933554817275746,301
2022,defense,turnover,LSU,0.03490136570561457,659
2022,defense,stuffed,LSU,0.19760479041916168,334
2022,defense,stop,LSU,0.6982758620689655,116
2022,special_teams,fg,LSU,0.7272727272727273,11
2022,special_teams,ko_cov,LSU,1.96,50
2022,special_teams,ko_ret,LSU,3.7291666666666665,48
2022,special_teams,punt,LSU,39.5,32
2022,special_teams,punt_ret,LSU,38.857142857142854,35
2022,special_teams,fg_epa,LSU,-0.1033856760371815,11
2022,special_teams,ko_epa,LSU,-0.1124054205417633,50
2022,special_teams,ko_ret_epa,LSU,0.23560692990819612,48
2022,special_teams,punt_epa,LSU,-0.04584951000288129,32
2022,special_teams,punt_ret_epa,LSU,0.22449908554553985,35
2022,offense,success,Liberty,0.4296774193548387,775
2022,offense,explosive,Liberty,0.1406451612903226,775
2022,offense,epa_rush,Liberty,0.013700605943485343,399
2022,offense,epa_pass,Liberty,-0.13398831402557318,376
2022,offense,ypp,Liberty,5.821935483870968,775
2022,offense,comp,Liberty,0.5663716814159292,339
2022,offense,conv3,Liberty,0.3630573248407643,157
2022,offense,sack,Liberty,0.09840425531914894,376
2022,offense,int,Liberty,0.0471976401179941,339
2022,offense,turnover,Liberty,0.03612903225806452,775
2022,offense,stuffed,Liberty,0.19298245614035087,399
2022,offense,scoring,Liberty,0.32679738562091504,153
2022,defense,success,Liberty,0.36233766233766235,770
2022,defense,explosive,Liberty,0.11168831168831168,770
2022,defense,epa_rush,Liberty,-0.0838074975970745,379
2022,defense,epa_pass,Liberty,-0.22754946885064226,391
2022,defense,ypp,Liberty,4.9012987012987015,770
2022,defense,comp,Liberty,0.5625,352
2022,defense,conv3,Liberty,0.2909090909090909,165
2022,defense,sack,Liberty,0.09974424552429667,391
2022,defense,int,Liberty,0.048295454545454544,352
2022,defense,turnover,Liberty,0.032467532467532464,770
2022,defense,stuffed,Liberty,0.24538258575197888,379
2022,defense,stop,Liberty,0.7074829931972789,147
2022,special_teams,fg,Liberty,0.6111111111111112,18
2022,special_teams,ko_cov,Liberty,1.3035714285714286,56
2022,special_teams,ko_ret,Liberty,1.7045454545454546,44
2022,special_teams,punt,Liberty,39.45945945945946,37
2022,special_teams,punt_ret,Liberty,38.95744680851064,47
2022,special_teams,fg_epa,Liberty,-0.6139179203245375,18
2022,special_teams,ko_epa,Liberty,-0.06158360093832016,56
2022,special_teams,ko_ret_epa,Liberty,0.11620132354172794,44
2022,special_teams,punt_epa,Liberty,-0.08824980943589597,37
2022,special_teams,punt_ret_epa,Liberty,0.15058491394874898,47
2022,offense,success,Louisiana,0.42706964520367935,761
2022,offense,explosive,Louisiana,0.11826544021024968,761
2022,offense,epa_rush,Louisiana,-0.03294372601823135,361
2022,offense,epa_pass,Louisiana,-0.06563590822367135,400
2022,offense,ypp,Louisiana,5.28515111695138,761
2022,offense,comp,Louisiana,0.55,380
2022,offense,conv3,Louisiana,0.3878787878787879,165
2022,offense,sack,Louisiana,0.05,400
2022,offense,int,Louisiana,0.02368421052631579,380
2022,offense,turnover,Louisiana,0.026281208935611037,761
2022,offense,stuffed,Louisiana,0.17174515235457063,361
2022,offense,scoring,Louisiana,0.33093525179856115,139
2022,defense,success,Louisiana,0.4522207267833109,743
2022,defense,explosive,Louisiana,0.0901749663526245,743
2022,defense,epa_rush,Louisiana,0.036291823177046725,354
2022,defense,epa_pass,Louisiana,-0.1719273170428243,389
2022,defense,ypp,Louisiana,5.465679676985195,743
2022,defense,comp,Louisiana,0.5655737704918032,366
2022,defense,conv3,Louisiana,0.4088050314465409,159
2022,defense,sack,Louisiana,0.05912596401028278,389
2022,defense,int,Louisiana,0.040983606557377046,366
2022,defense,turnover,Louisiana,0.03230148048452221,743
2022,defense,stuffed,Louisiana,0.13559322033898305,354
2022,defense,stop,Louisiana,0.6865671641791045,134
2022,special_teams,fg,Louisiana,0.6818181818181818,22
2022,special_teams,ko_cov,Louisiana,3.6,55
2022,special_teams,ko_ret,Louisiana,2.0425531914893615,47
2022,special_teams,punt,Louisiana,39.46341463414634,41
2022,special_teams,punt_ret,Louisiana,36.78846153846154,52
2022,special_teams,fg_epa,Louisiana,-0.09818450429222801,22
2022,special_teams,ko_epa,Louisiana,-0.21897724108262495,55
2022,special_teams,ko_ret_epa,Louisiana,0.13119458644948107,47
2022,special_teams,punt_epa,Louisiana,-0.2086104212737665,41
2022,special_teams,punt_ret_epa,Louisiana,0.3718917928636074,52
2022,offense,success,Louisiana Monroe,0.4444444444444444,612
2022,offense,explosive,Louisiana Monroe,0.1111111111111111,612
2022,offense,epa_rush,Louisiana Monroe,-0.020826304711084806,313
2022,offense,epa_pass,Louisiana Monroe,-0.00047545147232113576,299
2022,offense,ypp,Louisiana Monroe,5.826797385620915,612
2022,offense,comp,Louisiana Monroe,0.6824817518248175,274
2022,offense,conv3,Louisiana Monroe,0.42105263157894735,133
2022,offense,sack,Louisiana Monroe,0.08361204013377926,299
2022,offense,int,Louisiana Monroe,0.025547445255474453,274
2022,offense,turnover,Louisiana Monroe,0.024509803921568627,612
2022,offense,stuffed,Louisiana Monroe,0.1597444089456869,313
2022,offense,scoring,Louisiana Monroe,0.30327868852459017,122
2022,defense,success,Louisiana Monroe,0.47067238912732473,699
2022,defense,explosive,Louisiana Monroe,0.1402002861230329,699
2022,defense,epa_rush,Louisiana Monroe,0.021527687499446092,369
2022,defense,epa_pass,Louisiana Monroe,0.09757789768959244,330
2022,defense,ypp,Louisiana Monroe,6.200286123032904,699
2022,defense,comp,Louisiana Monroe,0.65814696485623,313
2022,defense,conv3,Louisiana Monroe,0.46938775510204084,147
2022,defense,sack,Louisiana Monroe,0.051515151515151514,330
2022,defense,int,Louisiana Monroe,0.025559105431309903,313
2022,defense,turnover,Louisiana Monroe,0.02575107296137339,699
2022,defense,stuffed,Louisiana Monroe,0.19241192411924118,369
2022,defense,stop,Louisiana Monroe,0.5666666666666667,120
2022,special_teams,fg,Louisiana Monroe,0.8888888888888888,9
2022,special_teams,ko_cov,Louisiana Monroe,6.5476190476190474,42
2022,special_teams,ko_ret,Louisiana Monroe,-0.7910447761194029,67
2022,special_teams,punt,Louisiana Monroe,35.270833333333336,48
2022,special_teams,punt_ret,Louisiana Monroe,33.064516129032256,31
2022,special_teams,fg_epa,Louisiana Monroe,0.5466210047403971,9
2022,special_teams,ko_epa,Louisiana Monroe,-0.49325592035338994,42
2022,special_teams,ko_ret_epa,Louisiana Monroe,-0.1139037555723048,67
2022,special_teams,punt_epa,Louisiana Monroe,-0.5215939519306024,48
2022,special_teams,punt_ret_epa,Louisiana Monroe,0.5506881571585133,31
2022,offense,success,Louisiana Tech,0.42795389048991356,694
2022,offense,explosive,Louisiana Tech,0.1138328530259366,694
2022,offense,epa_rush,Louisiana Tech,-0.14531376307162663,305
2022,offense,epa_pass,Louisiana Tech,0.01732160773193237,389
2022,offense,ypp,Louisiana Tech,6.069164265129683,694
2022,offense,comp,Louisiana Tech,0.5911602209944752,362
2022,offense,conv3,Louisiana Tech,0.4013605442176871,147
2022,offense,sack,Louisiana Tech,0.06940874035989718,389
2022,offense,int,Louisiana Tech,0.04143646408839779,362
2022,offense,turnover,Louisiana Tech,0.03890489913544669,694
2022,offense,stuffed,Louisiana Tech,0.18032786885245902,305
2022,offense,scoring,Louisiana Tech,0.3582089552238806,134
2022,defense,success,Louisiana Tech,0.4648648648648649,740
2022,defense,explosive,Louisiana Tech,0.13783783783783785,740
2022,defense,epa_rush,Louisiana Tech,0.20124263196599323,388
2022,defense,epa_pass,Louisiana Tech,0.02402356576673065,352
2022,defense,ypp,Louisiana Tech,6.541891891891892,740
2022,defense,comp,Louisiana Tech,0.5555555555555556,342
2022,defense,conv3,Louisiana Tech,0.41911764705882354,136
2022,defense,sack,Louisiana Tech,0.028409090909090908,352
2022,defense,int,Louisiana Tech,0.03216374269005848,342
2022,defense,turnover,Louisiana Tech,0.02837837837837838,740
2022,defense,stuffed,Louisiana Tech,0.13659793814432988,388
2022,defense,stop,Louisiana Tech,0.5384615384615384,130
2022,special_teams,fg,Louisiana Tech,0.6956521739130435,23
2022,special_teams,ko_cov,Louisiana Tech,0.1,50
2022,special_teams,ko_ret,Louisiana Tech,1.3970588235294117,68
2022,special_teams,punt,Louisiana Tech,34.5,30
2022,special_teams,punt_ret,Louisiana Tech,34.34375,32
2022,special_teams,fg_epa,Louisiana Tech,-0.27495256195897644,23
2022,special_teams,ko_epa,Louisiana Tech,0.0317107892036438,50
2022,special_teams,ko_ret_epa,Louisiana Tech,0.08276637950364281,68
2022,special_teams,punt_epa,Louisiana Tech,-0.6325506955385208,30
2022,special_teams,punt_ret_epa,Louisiana Tech,0.5082590454258025,32
2022,offense,success,Louisville,0.4481751824817518,685
2022,offense,explosive,Louisville,0.14014598540145987,685
2022,offense,epa_rush,Louisville,-0.06054714328610697,374
2022,offense,epa_pass,Louisville,-0.031192303445143538,311
2022,offense,ypp,Louisville,6.2364963503649635,685
2022,offense,comp,Louisville,0.5993150684931506,292
2022,offense,conv3,Louisville,0.37037037037037035,135
2022,offense,sack,Louisville,0.06109324758842444,311
2022,offense,int,Louisville,0.0273972602739726,292
2022,offense,turnover,Louisville,0.026277372262773723,685
2022,offense,stuffed,Louisville,0.1925133689839572,374
2022,offense,scoring,Louisville,0.3700787401574803,127
2022,defense,success,Louisville,0.43950995405819293,653
2022,defense,explosive,Louisville,0.14088820826952528,653
2022,defense,epa_rush,Louisville,-0.024805198342985064,334
2022,defense,epa_pass,Louisville,-0.19325702981289056,319
2022,defense,ypp,Louisville,5.751914241960184,653
2022,defense,comp,Louisville,0.6062717770034843,287
2022,defense,conv3,Louisville,0.3409090909090909,132
2022,defense,sack,Louisville,0.10031347962382445,319
2022,defense,int,Louisville,0.05574912891986063,287
2022,defense,turnover,Louisville,0.0444104134762634,653
2022,defense,stuffed,Louisville,0.2215568862275449,334
2022,defense,stop,Louisville,0.7384615384615385,130
2022,special_teams,fg,Louisville,0.8823529411764706,17
2022,special_teams,ko_cov,Louisville,-0.12727272727272726,55
2022,special_teams,ko_ret,Louisville,-0.36363636363636365,44
2022,special_teams,punt,Louisville,40.5,40
2022,special_teams,punt_ret,Louisville,40.41304347826087,46
2022,special_teams,fg_epa,Louisville,0.4025813551510082,17
2022,special_teams,ko_epa,Louisville,0.022349311004985464,55
2022,special_teams,ko_ret_epa,Louisville,-0.034641469066793266,44
2022,special_teams,punt_epa,Louisville,-0.1260926157236099,40
2022,special_teams,punt_ret_epa,Louisville,0.21234606497961542,46
2022,offense,success,Marshall,0.40588235294117647,510
2022,offense,explosive,Marshall,0.10196078431372549,510
2022,offense,epa_rush,Marshall,-0.10711791312627485,310
2022,offense,epa_pass,Marshall,-0.3531861168300511,200
2022,offense,ypp,Marshall,4.7,510
2022,offense,comp,Marshall,0.6022099447513812,181
2022,offense,conv3,Marshall,0.3217391304347826,115
2022,offense,sack,Marshall,0.095,200
2022,offense,int,Marshall,0.03867403314917127,181
2022,offense,turnover,Marshall,0.021568627450980392,510
2022,offense,stuffed,Marshall,0.22580645161290322,310
2022,offense,scoring,Marshall,0.22772277227722773,101
2022,defense,success,Marshall,0.32516703786191536,449
2022,defense,explosive,Marshall,0.0801781737193764,449
2022,defense,epa_rush,Marshall,-0.26600894626485233,189
2022,defense,epa_pass,Marshall,-0.48639454891117107,260
2022,defense,ypp,Marshall,4.570155902004454,449
2022,defense,comp,Marshall,0.4789915966386555,238
2022,defense,conv3,Marshall,0.21153846153846154,104
2022,defense,sack,Marshall,0.08461538461538462,260
2022,defense,int,Marshall,0.0546218487394958,238
2022,defense,turnover,Marshall,0.0400890868596882,449
2022,defense,stuffed,Marshall,0.2275132275132275,189
2022,defense,stop,Marshall,0.8415841584158416,101
2022,special_teams,fg,Marshall,0.6363636363636364,11
2022,special_teams,ko_cov,Marshall,0.0,29
2022,special_teams,ko_ret,Marshall,2.423076923076923,26
2022,special_teams,punt,Marshall,35.673469387755105,49
2022,special_teams,punt_ret,Marshall,36.28888888888889,45
2022,special_teams,fg_epa,Marshall,-0.7850174687125466,11
2022,special_teams,ko_epa,Marshall,0.005833784054065573,29
2022,special_teams,ko_ret_epa,Marshall,0.1783519135071681,26
2022,special_teams,punt_epa,Marshall,-0.3616731990965045,49
2022,special_teams,punt_ret_epa,Marshall,0.24150571127732595,45
2022,offense,success,Maryland,0.4546925566343042,618
2022,offense,explosive,Maryland,0.08576051779935275,618
2022,offense,epa_rush,Maryland,0.0334303782469382,299
2022,offense,epa_pass,Maryland,0.03892658544595822,319
2022,offense,ypp,Maryland,5.472491909385114,618
2022,offense,comp,Maryland,0.6460481099656358,291
2022,offense,conv3,Maryland,0.41007194244604317,139
2022,offense,sack,Maryland,0.0877742946708464,319
2022,offense,int,Maryland,0.01718213058419244,291
2022,offense,turnover,Maryland,0.01779935275080906,618
2022,offense,stuffed,Maryland,0.1605351170568562,299
2022,offense,scoring,Maryland,0.36607142857142855,112
2022,defense,success,Maryland,0.4376899696048632,658
2022,defense,explosive,Maryland,0.09422492401215805,658
2022,defense,epa_rush,Maryland,0.00237081191492553,324
2022,defense,epa_pass,Maryland,-0.16065058537810875,334
2022,defense,ypp,Maryland,5.2477203647416415,658
2022,defense,comp,Maryland,0.6019108280254777,314
2022,defense,conv3,Maryland,0.4253731343283582,134
2022,defense,sack,Maryland,0.059880239520958084,334
2022,defense,int,Maryland,0.025477707006369428,314
2022,defense,turnover,Maryland,0.02735562310030395,658
2022,defense,stuffed,Maryland,0.1574074074074074,324
2022,defense,stop,Maryland,0.6460176991150443,113
2022,special_teams,fg,Maryland,0.7333333333333333,15
2022,special_teams,ko_cov,Maryland,3.9565217391304346,46
2022,special_teams,ko_ret,Maryland,0.02127659574468085,47
2022,special_teams,punt,Maryland,42.18604651162791,43
2022,special_teams,punt_ret,Maryland,39.60526315789474,38
2022,special_teams,fg_epa,Maryland,0.2743372599283854,15
2022,special_teams,ko_epa,Maryland,-0.24826658679091412,46
2022,special_teams,ko_ret_epa,Maryland,-0.01775187888043992,47
2022,special_teams,punt_epa,Maryland,0.011286145032838334,43
2022,special_teams,punt_ret_epa,Maryland,0.09421328886559135,38
2022,offense,success,Memphis,0.47368421052631576,722
2022,offense,explosive,Memphis,0.10803324099722991,722
2022,offense,epa_rush,Memphis,-0.025958800581038298,341
2022,offense,epa_pass,Memphis,0.08904940004724243,381
2022,offense,ypp,Memphis,5.945983379501385,722
2022,offense,comp,Memphis,0.6440677966101694,354
2022,offense,conv3,Memphis,0.4533333333333333,150
2022,offense,sack,Memphis,0.07086614173228346,381
2022,offense,int,Memphis,0.01977401129943503,354
2022,offense,turnover,Memphis,0.023545706371191136,722
2022,offense,stuffed,Memphis,0.1906158357771261,341
2022,offense,scoring,Memphis,0.4263565891472868,129
2022,defense,success,Memphis,0.4692737430167598,716
2022,defense,explosive,Memphis,0.10614525139664804,716
2022,defense,epa_rush,Memphis,-0.09640495595184255,330
2022,defense,epa_pass,Memphis,0.08710163724344953,386
2022,defense,ypp,Memphis,5.636871508379889,716
2022,defense,comp,Memphis,0.6351351351351351,370
2022,defense,conv3,Memphis,0.436241610738255,149
2022,defense,sack,Memphis,0.04145077720207254,386
2022,defense,int,Memphis,0.02972972972972973,370
2022,defense,turnover,Memphis,0.025139664804469275,716
2022,defense,stuffed,Memphis,0.17272727272727273,330
2022,defense,stop,Memphis,0.65625,128
2022,special_teams,fg,Memphis,0.9,20
2022,special_teams,ko_cov,Memphis,1.0819672131147542,61
2022,special_teams,ko_ret,Memphis,2.019607843137255,51
2022,special_teams,punt,Memphis,42.810810810810814,37
2022,special_teams,punt_ret,Memphis,38.41304347826087,46
2022,special_teams,fg_epa,Memphis,0.6834823787212372,20
2022,special_teams,ko_epa,Memphis,-0.048372063480439736,61
2022,special_teams,ko_ret_epa,Memphis,0.13824122092303107,51
2022,special_teams,punt_epa,Memphis,0.12615767000494776,37
2022,special_teams,punt_ret_epa,Memphis,0.4075563030074472,46
2022,offense,success,Miami,0.5028490028490028,702
2022,offense,explosive,Miami,0.11253561253561253,702
2022,offense,epa_rush,Miami,-0.01994020087498148,328
2022,offense,epa_pass,Miami,0.042410719814513664,374
2022,offense,ypp,Miami,5.769230769230769,702
2022,offense,comp,Miami,0.6257142857142857,350
2022,offense,conv3,Miami,0.44285714285714284,140
2022,offense,sack,Miami,0.06417112299465241,374
2022,offense,int,Miami,0.025714285714285714,350
2022,offense,turnover,Miami,0.022792022792022793,702
2022,offense,stuffed,Miami,0.1676829268292683,328
2022,offense,scoring,Miami,0.3697478991596639,119
2022,defense,success,Miami,0.4226289517470882,601
2022,defense,explosive,Miami,0.14309484193011648,601
2022,defense,epa_rush,Miami,-0.041260384678044076,304
2022,defense,epa_pass,Miami,-0.005851809837926197,297
2022,defense,ypp,Miami,6.044925124792013,601
2022,defense,comp,Miami,0.5946969696969697,264
2022,defense,conv3,Miami,0.40458015267175573,131
2022,defense,sack,Miami,0.1111111111111111,297
2022,defense,int,Miami,0.045454545454545456,264
2022,defense,turnover,Miami,0.028286189683860232,601
2022,defense,stuffed,Miami,0.2138157894736842,304
2022,defense,stop,Miami,0.6890756302521008,119
2022,special_teams,fg,Miami,0.8333333333333334,18
2022,special_teams,ko_cov,Miami,2.0833333333333335,48
2022,special_teams,ko_ret,Miami,4.0,44
2022,special_teams,punt,Miami,42.34285714285714,35
2022,special_teams,punt_ret,Miami,39.022222222222226,45
2022,special_teams,fg_epa,Miami,0.2314302921295166,18
2022,special_teams,ko_epa,Miami,-0.14120212197303772,48
2022,special_teams,ko_ret_epa,Miami,0.2578333589163693,44
2022,special_teams,punt_epa,Miami,0.20209416363920485,35
2022,special_teams,punt_ret_epa,Miami,0.21449029313193427,45
2022,offense,success,Miami (OH),0.39574468085106385,470
2022,offense,explosive,Miami (OH),0.12127659574468085,470
2022,offense,epa_rush,Miami (OH),-0.06397190878412636,251
2022,offense,epa_pass,Miami (OH),-0.1689292121989752,219
2022,offense,ypp,Miami (OH),5.314893617021276,470
2022,offense,comp,Miami (OH),0.582089552238806,201
2022,offense,conv3,Miami (OH),0.34545454545454546,110
2022,offense,sack,Miami (OH),0.0821917808219178,219
2022,offense,int,Miami (OH),0.009950248756218905,201
2022,offense,turnover,Miami (OH),0.014893617021276596,470
2022,offense,stuffed,Miami (OH),0.17131474103585656,251
2022,offense,scoring,Miami (OH),0.308411214953271,107
2022,defense,success,Miami (OH),0.4342857142857143,525
2022,defense,explosive,Miami (OH),0.08,525
2022,defense,epa_rush,Miami (OH),-0.022788684990716537,232
2022,defense,epa_pass,Miami (OH),0.028504269014383625,293
2022,defense,ypp,Miami (OH),5.6571428571428575,525
2022,defense,comp,Miami (OH),0.6173285198555957,277
2022,defense,conv3,Miami (OH),0.3853211009174312,109
2022,defense,sack,Miami (OH),0.05460750853242321,293
2022,defense,int,Miami (OH),0.02527075812274368,277
2022,defense,turnover,Miami (OH),0.02666666666666667,525
2022,defense,stuffed,Miami (OH),0.1336206896551724,232
2022,defense,stop,Miami (OH),0.6696428571428571,112
2022,special_teams,fg,Miami (OH),0.8125,16
2022,special_teams,ko_cov,Miami (OH),3.8620689655172415,29
2022,special_teams,ko_ret,Miami (OH),10.135135135135135,37
2022,special_teams,punt,Miami (OH),36.59090909090909,44
2022,special_teams,punt_ret,Miami (OH),28.142857142857142,35
2022,special_teams,fg_epa,Miami (OH),0.29520583152770996,16
2022,special_teams,ko_epa,Miami (OH),-0.2777397797025483,29
2022,special_teams,ko_ret_epa,Miami (OH),0.6733176450471621,37
2022,special_teams,punt_epa,Miami (OH),-0.4119173792952841,44
2022,special_teams,punt_ret_epa,Miami (OH),0.931310613666262,35
2022,offense,success,Michigan,0.5576923076923077,780
2022,offense,explosive,Michigan,0.1423076923076923,780
2022,offense,epa_rush,Michigan,0.14543349005829634,475
2022,offense,epa_pass,Michigan,0.1291620240312729,305
2022,offense,ypp,Michigan,6.432051282051282,780
2022,offense,comp,Michigan,0.658703071672355,293
2022,offense,conv3,Michigan,0.47586206896551725,145
2022,offense,sack,Michigan,0.03934426229508197,305
2022,offense,int,Michigan,0.010238907849829351,293
2022,offense,turnover,Michigan,0.017948717948717947,780
2022,offense,stuffed,Michigan,0.14526315789473684,475
2022,offense,scoring,Michigan,0.5806451612903226,124
2022,defense,success,Michigan,0.35857805255023184,647
2022,defense,explosive,Michigan,0.07882534775888717,647
2022,defense,epa_rush,Michigan,-0.18302132609958455,283
2022,defense,epa_pass,Michigan,-0.2478842962157621,364
2022,defense,ypp,Michigan,4.292117465224111,647
2022,defense,comp,Michigan,0.5375375375375375,333
2022,defense,conv3,Michigan,0.3108108108108108,148
2022,defense,sack,Michigan,0.08516483516483517,364
2022,defense,int,Michigan,0.024024024024024024,333
2022,defense,turnover,Michigan,0.021638330757341576,647
2022,defense,stuffed,Michigan,0.19081272084805653,283
2022,defense,stop,Michigan,0.8267716535433071,127
2022,special_teams,fg,Michigan,0.8333333333333334,30
2022,special_teams,ko_cov,Michigan,-0.4588235294117647,85
2022,special_teams,ko_ret,Michigan,4.942857142857143,35
2022,special_teams,punt,Michigan,41.733333333333334,30
2022,special_teams,punt_ret,Michigan,37.932203389830505,59
2022,special_teams,fg_epa,Michigan,0.3251601020495097,30
2022,special_teams,ko_epa,Michigan,0.0391445187961354,85
2022,special_teams,ko_ret_epa,Michigan,0.29727534907204767,35
2022,special_teams,punt_epa,Michigan,-0.004127338280280431,30
2022,special_teams,punt_ret_epa,Michigan,0.2436174677085068,59
2022,offense,success,Michigan State,0.44886363636363635,704
2022,offense,explosive,Michigan State,0.1278409090909091,704
2022,offense,epa_rush,Michigan State,-0.19301396369922466,324
2022,offense,epa_pass,Michigan State,0.10429277525183929,380
2022,offense,ypp,Michigan State,5.660511363636363,704
2022,offense,comp,Michigan State,0.6311475409836066,366
2022,offense,conv3,Michigan State,0.3897058823529412,136
2022,offense,sack,Michigan State,0.03684210526315789,380
2022,offense,int,Michigan State,0.0273224043715847,366
2022,offense,turnover,Michigan State,0.02130681818181818,704
2022,offense,stuffed,Michigan State,0.19753086419753085,324
2022,offense,scoring,Michigan State,0.336,125
2022,defense,success,Michigan State,0.4770992366412214,786
2022,defense,explosive,Michigan State,0.12213740458015267,786
2022,defense,epa_rush,Michigan State,0.003071839344887178,427
2022,defense,epa_pass,Michigan State,0.1901467961208353,359
2022,defense,ypp,Michigan State,5.997455470737913,786
2022,defense,comp,Michigan State,0.6567164179104478,335
2022,defense,conv3,Michigan State,0.4375,160
2022,defense,sack,Michigan State,0.06685236768802229,359
2022,defense,int,Michigan State,0.005970149253731343,335
2022,defense,turnover,Michigan State,0.021628498727735368,786
2022,defense,stuffed,Michigan State,0.1756440281030445,427
2022,defense,stop,Michigan State,0.6390977443609023,133
2022,special_teams,fg,Michigan State,0.45454545454545453,11
2022,special_teams,ko_cov,Michigan State,1.4878048780487805,41
2022,special_teams,ko_ret,Michigan State,2.1016949152542375,59
2022,special_teams,punt,Michigan State,45.21212121212121,33
2022,special_teams,punt_ret,Michigan State,29.676470588235293,34
2022,special_teams,fg_epa,Michigan State,-1.3651194897564976,11
2022,special_teams,ko_epa,Michigan State,-0.06997182311081304,41
2022,special_teams,ko_ret_epa,Michigan State,0.14318704403052895,59
2022,special_teams,punt_epa,Michigan State,0.37557806548747147,33
2022,special_teams,punt_ret_epa,Michigan State,0.8684067993479616,34
2022,offense,success,Middle Tennessee,0.40709219858156026,705
2022,offense,explosive,Middle Tennessee,0.08936170212765958,705
2022,offense,epa_rush,Middle Tennessee,-0.10909618506894425,316
2022,offense,epa_pass,Middle Tennessee,-0.07664995917115386,389
2022,offense,ypp,Middle Tennessee,5.270921985815603,705
2022,offense,comp,Middle Tennessee,0.6538461538461539,364
2022,offense,conv3,Middle Tennessee,0.36551724137931035,145
2022,offense,sack,Middle Tennessee,0.06426735218508997,389
2022,offense,int,Middle Tennessee,0.024725274725274724,364
2022,offense,turnover,Middle Tennessee,0.02553191489361702,705
2022,offense,stuffed,Middle Tennessee,0.20569620253164558,316
2022,offense,scoring,Middle Tennessee,0.29770992366412213,131
2022,defense,success,Middle Tennessee,0.44712182061579653,747
2022,defense,explosive,Middle Tennessee,0.1111111111111111,747
2022,defense,epa_rush,Middle Tennessee,-0.09219238822597202,340
2022,defense,epa_pass,Middle Tennessee,-0.016241601680339925,407
2022,defense,ypp,Middle Tennessee,5.522088353413655,747
2022,defense,comp,Middle Tennessee,0.5942408376963351,382
2022,defense,conv3,Middle Tennessee,0.40131578947368424,152
2022,defense,sack,Middle Tennessee,0.06142506142506143,407
2022,defense,int,Middle Tennessee,0.03926701570680628,382
2022,defense,turnover,Middle Tennessee,0.028112449799196786,747
2022,defense,stuffed,Middle Tennessee,0.21176470588235294,340
2022,defense,stop,Middle Tennessee,0.664179104477612,134
2022,special_teams,fg,Middle Tennessee,1.0,10
2022,special_teams,ko_cov,Middle Tennessee,3.836734693877551,49
2022,special_teams,ko_ret,Middle Tennessee,1.6538461538461537,52
2022,special_teams,punt,Middle Tennessee,38.27272727272727,55
2022,special_teams,punt_ret,Middle Tennessee,38.142857142857146,42
2022,special_teams,fg_epa,Middle Tennessee,0.5655926942825318,10
2022,special_teams,ko_epa,Middle Tennessee,-0.2669958484416105,49
2022,special_teams,ko_ret_epa,Middle Tennessee,0.12593949528840873,52
2022,special_teams,punt_epa,Middle Tennessee,-0.1587938899343664,55
2022,special_teams,punt_ret_epa,Middle Tennessee,0.27320455937158494,42
2022,offense,success,Minnesota,0.5383458646616541,665
2022,offense,explosive,Minnesota,0.14586466165413534,665
2022,offense,epa_rush,Minnesota,0.12706411976176796,437
2022,offense,epa_pass,Minnesota,0.010849044378206439,228
2022,offense,ypp,Minnesota,6.177443609022556,665
2022,offense,comp,Minnesota,0.6100917431192661,218
2022,offense,conv3,Minnesota,0.5619834710743802,121
2022,offense,sack,Minnesota,0.043859649122807015,228
2022,offense,int,Minnesota,0.03669724770642202,218
2022,offense,turnover,Minnesota,0.01804511278195489,665
2022,offense,stuffed,Minnesota,0.11670480549199085,437
2022,offense,scoring,Minnesota,0.4424778761061947,113
2022,defense,success,Minnesota,0.3776595744680851,564
2022,defense,explosive,Minnesota,0.10283687943262411,564
2022,defense,epa_rush,Minnesota,-0.0879181282473448,269
2022,defense,epa_pass,Minnesota,-0.0883909677771995,295
2022,defense,ypp,Minnesota,5.030141843971631,564
2022,defense,comp,Minnesota,0.5714285714285714,280
2022,defense,conv3,Minnesota,0.25833333333333336,120
2022,defense,sack,Minnesota,0.05084745762711865,295
2022,defense,int,Minnesota,0.04285714285714286,280
2022,defense,turnover,Minnesota,0.026595744680851064,564
2022,defense,stuffed,Minnesota,0.15985130111524162,269
2022,defense,stop,Minnesota,0.7641509433962265,106
2022,special_teams,fg,Minnesota,0.9166666666666666,12
2022,special_teams,ko_cov,Minnesota,1.5714285714285714,49
2022,special_teams,ko_ret,Minnesota,-0.2,35
2022,special_teams,punt,Minnesota,38.0,33
2022,special_teams,punt_ret,Minnesota,40.16279069767442,43
2022,special_teams,fg_epa,Minnesota,0.8957846164703369,12
2022,special_teams,ko_epa,Minnesota,-0.10858820044264501,49
2022,special_teams,ko_ret_epa,Minnesota,-0.05237099954060146,35
2022,special_teams,punt_epa,Minnesota,-0.17918286630601593,33
2022,special_teams,punt_ret_epa,Minnesota,0.22263816934685374,43
2022,offense,success,Mississippi State,0.4878048780487805,779
2022,offense,explosive,Mississippi State,0.08729139922978177,779
2022,offense,epa_rush,Mississippi State,0.007717402263770023,213
2022,offense,epa_pass,Mississippi State,-0.009958306948193909,566
2022,offense,ypp,Mississippi State,5.635430038510911,779
2022,offense,comp,Mississippi State,0.673394495412844,545
2022,offense,conv3,Mississippi State,0.3793103448275862,145
2022,offense,sack,Mississippi State,0.037102473498233215,566
2022,offense,int,Mississippi State,0.011009174311926606,545
2022,offense,turnover,Mississippi State,0.01668806161745828,779
2022,offense,stuffed,Mississippi State,0.15023474178403756,213
2022,offense,scoring,Mississippi State,0.391304347826087,138
2022,defense,success,Mississippi State,0.4281767955801105,724
2022,defense,explosive,Mississippi State,0.12430939226519337,724
2022,defense,epa_rush,Mississippi State,0.03984436520346847,357
2022,defense,epa_pass,Mississippi State,-0.17235164972964212,367
2022,defense,ypp,Mississippi State,5.6588397790055245,724
2022,defense,comp,Mississippi State,0.5681159420289855,345
2022,defense,conv3,Mississippi State,0.3684210526315789,152
2022,defense,sack,Mississippi State,0.05994550408719346,367
2022,defense,int,Mississippi State,0.04057971014492753,345
2022,defense,turnover,Mississippi State,0.031767955801104975,724
2022,defense,stuffed,Mississippi State,0.21008403361344538,357
2022,defense,stop,Mississippi State,0.6857142857142857,140
2022,special_teams,fg,Mississippi State,0.6428571428571429,14
2022,special_teams,ko_cov,Mississippi State,0.16923076923076924,65
2022,special_teams,ko_ret,Mississippi State,4.555555555555555,54
2022,special_teams,punt,Mississippi State,36.86486486486486,37
2022,special_teams,punt_ret,Mississippi State,38.56521739130435,46
2022,special_teams,fg_epa,Mississippi State,-0.2920633213860648,14
2022,special_teams,ko_epa,Mississippi State,-0.0024967432022094727,65
2022,special_teams,ko_ret_epa,Mississippi State,0.3372693525420295,54
2022,special_teams,punt_epa,Mississippi State,-0.2533511511377386,37
2022,special_teams,punt_ret_epa,Mississippi State,0.3307839703300725,46
2022,offense,success,Missouri,0.43050847457627117,590
2022,offense,explosive,Missouri,0.11016949152542373,590
2022,offense,epa_rush,Missouri,-0.031230813025985037,314
2022,offense,epa_pass,Missouri,-0.09258888183493327,276
2022,offense,ypp,Missouri,5.335593220338983,590
2022,offense,comp,Missouri,0.62890625,256
2022,offense,conv3,Missouri,0.3984375,128
2022,offense,sack,Missouri,0.07246376811594203,276
2022,offense,int,Missouri,0.0390625,256
2022,offense,turnover,Missouri,0.02711864406779661,590
2022,offense,stuffed,Missouri,0.20063694267515925,314
2022,offense,scoring,Missouri,0.3157894736842105,114
2022,defense,success,Missouri,0.4175257731958763,582
2022,defense,explosive,Missouri,0.13917525773195877,582
2022,defense,epa_rush,Missouri,-0.06159888252072522,283
2022,defense,epa_pass,Missouri,-0.03470483685340638,299
2022,defense,ypp,Missouri,5.848797250859106,582
2022,defense,comp,Missouri,0.5934065934065934,273
2022,defense,conv3,Missouri,0.3671875,128
2022,defense,sack,Missouri,0.08695652173913043,299
2022,defense,int,Missouri,0.02197802197802198,273
2022,defense,turnover,Missouri,0.02577319587628866,582
2022,defense,stuffed,Missouri,0.21554770318021202,283
2022,defense,stop,Missouri,0.6637168141592921,113
2022,special_teams,fg,Missouri,0.8235294117647058,17
2022,special_teams,ko_cov,Missouri,0.9,40
2022,special_teams,ko_ret,Missouri,-0.39473684210526316,38
2022,special_teams,punt,Missouri,38.604651162790695,43
2022,special_teams,punt_ret,Missouri,39.108108108108105,37
2022,special_teams,fg_epa,Missouri,0.5182767545475679,17
2022,special_teams,ko_epa,Missouri,-0.05939429998397827,40
2022,special_teams,ko_ret_epa,Missouri,-0.03524788743571231,38
2022,special_teams,punt_epa,Missouri,-0.2274068157340205,43
2022,special_teams,punt_ret_epa,Missouri,0.12590354640741605,37
2022,offense,success,NC State,0.45492957746478874,710
2022,offense,explosive,NC State,0.1056338028169014,710
2022,offense,epa_rush,NC State,-0.03576690897061677,347
2022,offense,epa_pass,NC State,-0.026490560923205578,363
2022,offense,ypp,NC State,5.25774647887324,710
2022,offense,comp,NC State,0.5947521865889213,343
2022,offense,conv3,NC State,0.4166666666666667,144
2022,offense,sack,NC State,0.05509641873278237,363
2022,offense,int,NC State,0.02040816326530612,343
2022,offense,turnover,NC State,0.02676056338028169,710
2022,offense,stuffed,NC State,0.17579250720461095,347
2022,offense,scoring,NC State,0.3779527559055118,127
2022,defense,success,NC State,0.3824959481361426,617
2022,defense,explosive,NC State,0.1166936790923825,617
2022,defense,epa_rush,NC State,-0.044889931206358195,247
2022,defense,epa_pass,NC State,-0.09599041431108495,370
2022,defense,ypp,NC State,5.713128038897893,617
2022,defense,comp,NC State,0.5816618911174785,349
2022,defense,conv3,NC State,0.32592592592592595,135
2022,defense,sack,NC State,0.05675675675675676,370
2022,defense,int,NC State,0.045845272206303724,349
2022,defense,turnover,NC State,0.03079416531604538,617
2022,defense,stuffed,NC State,0.24696356275303644,247
2022,defense,stop,NC State,0.7560975609756098,123
2022,special_teams,fg,NC State,0.9545454545454546,22
2022,special_teams,ko_cov,NC State,-1.0,57
2022,special_teams,ko_ret,NC State,2.054054054054054,37
2022,special_teams,punt,NC State,38.853658536585364,41
2022,special_teams,punt_ret,NC State,39.716981132075475,53
2022,special_teams,fg_epa,NC State,1.1127758784727617,22
2022,special_teams,ko_epa,NC State,0.10775927075168543,57
2022,special_teams,ko_ret_epa,NC State,0.15236910452713837,37
2022,special_teams,punt_epa,NC State,-0.2230296832759206,41
2022,special_teams,punt_ret_epa,NC State,0.2660755880598752,53
2022,offense,success,Navy,0.4173354735152488,623
2022,offense,explosive,Navy,0.12359550561797752,623
2022,offense,epa_rush,Navy,0.015679672572044025,503
2022,offense,epa_pass,Navy,-0.07841150312560438,120
2022,offense,ypp,Navy,5.210272873194222,623
2022,offense,comp,Navy,0.42201834862385323,109
2022,offense,conv3,Navy,0.4028776978417266,139
2022,offense,sack,Navy,0.09166666666666666,120
2022,offense,int,Navy,0.05504587155963303,109
2022,offense,turnover,Navy,0.019261637239165328,623
2022,offense,stuffed,Navy,0.11530815109343936,503
2022,offense,scoring,Navy,0.31,100
2022,defense,success,Navy,0.4357976653696498,514
2022,defense,explosive,Navy,0.13618677042801555,514
2022,defense,epa_rush,Navy,-0.1326909193362781,236
2022,defense,epa_pass,Navy,0.3047169834967789,278
2022,defense,ypp,Navy,6.721789883268483,514
2022,defense,comp,Navy,0.6811023622047244,254
2022,defense,conv3,Navy,0.4166666666666667,108
2022,defense,sack,Navy,0.08633093525179857,278
2022,defense,int,Navy,0.01968503937007874,254
2022,defense,turnover,Navy,0.033073929961089495,514
2022,defense,stuffed,Navy,0.1864406779661017,236
2022,defense,stop,Navy,0.6116504854368932,103
2022,special_teams,fg,Navy,0.5,14
2022,special_teams,ko_cov,Navy,2.789473684210526,38
2022,special_teams,ko_ret,Navy,2.347826086956522,46
2022,special_teams,punt,Navy,39.69444444444444,36
2022,special_teams,punt_ret,Navy,39.3125,32
2022,special_teams,fg_epa,Navy,-1.031587975365775,14
2022,special_teams,ko_epa,Navy,-0.1928106405233082,38
2022,special_teams,ko_ret_epa,Navy,0.15073962444844452,46
2022,special_teams,punt_epa,Navy,-0.17457316236363518,36
2022,special_teams,punt_ret_epa,Navy,0.10439010011032224,32
2022,offense,success,Nebraska,0.43831640058055155,689
2022,offense,explosive,Nebraska,0.12772133526850507,689
2022,offense,epa_rush,Nebraska,0.027901932796805883,352
2022,offense,epa_pass,Nebraska,-0.005295621900509928,337
2022,offense,ypp,Nebraska,5.957910014513788,689
2022,offense,comp,Nebraska,0.5967741935483871,310
2022,offense,conv3,Nebraska,0.4370860927152318,151
2022,offense,sack,Nebraska,0.08011869436201781,337
2022,offense,int,Nebraska,0.041935483870967745,310
2022,offense,turnover,Nebraska,0.03193033381712627,689
2022,offense,stuffed,Nebraska,0.1534090909090909,352
2022,offense,scoring,Nebraska,0.2826086956521739,138
2022,defense,success,Nebraska,0.513095238095238,840
2022,defense,explosive,Nebraska,0.11071428571428571,840
2022,defense,epa_rush,Nebraska,0.06162874234263214,450
2022,defense,epa_pass,Nebraska,0.09436618307966688,390
2022,defense,ypp,Nebraska,5.755952380952381,840
2022,defense,comp,Nebraska,0.6112600536193029,373
2022,defense,conv3,Nebraska,0.4528301886792453,159
2022,defense,sack,Nebraska,0.04358974358974359,390
2022,defense,int,Nebraska,0.01876675603217158,373
2022,defense,turnover,Nebraska,0.016666666666666666,840
2022,defense,stuffed,Nebraska,0.14,450
2022,defense,stop,Nebraska,0.6102941176470589,136
2022,special_teams,fg,Nebraska,0.7272727272727273,11
2022,special_teams,ko_cov,Nebraska,0.3541666666666667,48
2022,special_teams,ko_ret,Nebraska,-0.532258064516129,62
2022,special_teams,punt,Nebraska,39.333333333333336,63
2022,special_teams,punt_ret,Nebraska,37.90196078431372,51
2022,special_teams,fg_epa,Nebraska,-0.16236857934431595,11
2022,special_teams,ko_epa,Nebraska,-0.021505861232678097,48
2022,special_teams,ko_ret_epa,Nebraska,-0.048160075179992184,62
2022,special_teams,punt_epa,Nebraska,-0.20279023411964614,63
2022,special_teams,punt_ret_epa,Nebraska,0.1778988399926354,51
2022,offense,success,Nevada,0.3795379537953795,606
2022,offense,explosive,Nevada,0.10231023102310231,606
2022,offense,epa_rush,Nevada,0.02441257737110467,288
2022,offense,epa_pass,Nevada,-0.24934268834122278,318
2022,offense,ypp,Nevada,4.445544554455446,606
2022,offense,comp,Nevada,0.5342465753424658,292
2022,offense,conv3,Nevada,0.3695652173913043,138
2022,offense,sack,Nevada,0.08176100628930817,318
2022,offense,int,Nevada,0.017123287671232876,292
2022,offense,turnover,Nevada,0.026402640264026403,606
2022,offense,stuffed,Nevada,0.16666666666666666,288
2022,offense,scoring,Nevada,0.25,108
2022,defense,success,Nevada,0.4724540901502504,599
2022,defense,explosive,Nevada,0.12353923205342238,599
2022,defense,epa_rush,Nevada,0.05700092209623109,354
2022,defense,epa_pass,Nevada,0.12374395561955129,245
2022,defense,ypp,Nevada,6.412353923205342,599
2022,defense,comp,Nevada,0.5714285714285714,231
2022,defense,conv3,Nevada,0.4645669291338583,127
2022,defense,sack,Nevada,0.05714285714285714,245
2022,defense,int,Nevada,0.03463203463203463,231
2022,defense,turnover,Nevada,0.03171953255425709,599
2022,defense,stuffed,Nevada,0.10451977401129943,354
2022,defense,stop,Nevada,0.5833333333333334,108
2022,special_teams,fg,Nevada,0.6923076923076923,13
2022,special_teams,ko_cov,Nevada,-0.6470588235294118,34
2022,special_teams,ko_ret,Nevada,-0.1724137931034483,58
2022,special_teams,punt,Nevada,36.645833333333336,48
2022,special_teams,punt_ret,Nevada,37.32258064516129,31
2022,special_teams,fg_epa,Nevada,-0.2845852008232704,13
2022,special_teams,ko_epa,Nevada,0.08053738755338333,34
2022,special_teams,ko_ret_epa,Nevada,-0.04452677636310972,58
2022,special_teams,punt_epa,Nevada,-0.2636272576637566,48
2022,special_teams,punt_ret_epa,Nevada,0.22896623899859767,31
2022,offense,success,New Mexico,0.3588516746411483,627
2022,offense,explosive,New Mexico,0.11164274322169059,627
2022,offense,epa_rush,New Mexico,-0.10998297737378174,365
2022,offense,epa_pass,New Mexico,-0.47463301248656875,262
2022,offense,ypp,New Mexico,4.287081339712919,627
2022,offense,comp,New Mexico,0.5401785714285714,224
2022,offense,conv3,New Mexico,0.23404255319148937,141
2022,offense,sack,New Mexico,0.1450381679389313,262
2022,offense,int,New Mexico,0.044642857142857144,224
2022,offense,turnover,New Mexico,0.03189792663476874,627
2022,offense,stuffed,New Mexico,0.18356164383561643,365
2022,offense,scoring,New Mexico,0.20454545454545456,132
2022,defense,success,New Mexico,0.47092198581560285,705
2022,defense,explosive,New Mexico,0.09787234042553192,705
2022,defense,epa_rush,New Mexico,0.03792140164293588,398
2022,defense,epa_pass,New Mexico,-0.1826624296751378,307
2022,defense,ypp,New Mexico,5.700709219858156,705
2022,defense,comp,New Mexico,0.5923344947735192,287
2022,defense,conv3,New Mexico,0.36423841059602646,151
2022,defense,sack,New Mexico,0.06514657980456026,307
2022,defense,int,New Mexico,0.0313588850174216,287
2022,defense,turnover,New Mexico,0.031205673758865248,705
2022,defense,stuffed,New Mexico,0.12814070351758794,398
2022,defense,stop,New Mexico,0.6466165413533834,133
2022,special_teams,fg,New Mexico,0.65,20
2022,special_teams,ko_cov,New Mexico,0.2,35
2022,special_teams,ko_ret,New Mexico,2.327272727272727,55
2022,special_teams,punt,New Mexico,39.563380281690144,71
2022,special_teams,punt_ret,New Mexico,37.53333333333333,45
2022,special_teams,fg_epa,New Mexico,-0.3881965816020966,20
2022,special_teams,ko_epa,New Mexico,-0.01060345002583095,35
2022,special_teams,ko_ret_epa,New Mexico,0.1175621509552002,55
2022,special_teams,punt_epa,New Mexico,-0.20330254922450428,71
2022,special_teams,punt_ret_epa,New Mexico,0.29045186671945783,45
2022,offense,success,New Mexico State,0.36771300448430494,446
2022,offense,explosive,New Mexico State,0.1031390134529148,446
2022,offense,epa_rush,New Mexico State,-0.07743473300142086,252
2022,offense,epa_pass,New Mexico State,-0.10549198406402635,194
2022,offense,ypp,New Mexico State,4.713004484304933,446
2022,offense,comp,New Mexico State,0.44385026737967914,187
2022,offense,conv3,New Mexico State,0.2857142857142857,98
2022,offense,sack,New Mexico State,0.03608247422680412,194
2022,offense,int,New Mexico State,0.06417112299465241,187
2022,offense,turnover,New Mexico State,0.03587443946188341,446
2022,offense,stuffed,New Mexico State,0.21428571428571427,252
2022,offense,scoring,New Mexico State,0.23595505617977527,89
2022,defense,success,New Mexico State,0.47398843930635837,519
2022,defense,explosive,New Mexico State,0.10982658959537572,519
2022,defense,epa_rush,New Mexico State,0.0452256818900216,302
2022,defense,epa_pass,New Mexico State,-0.04971267790464932,217
2022,defense,ypp,New Mexico State,5.520231213872832,519
2022,defense,comp,New Mexico State,0.5902439024390244,205
2022,defense,conv3,New Mexico State,0.375,104
2022,defense,sack,New Mexico State,0.055299539170506916,217
2022,defense,int,New Mexico State,0.01951219512195122,205
2022,defense,turnover,New Mexico State,0.01348747591522158,519
2022,defense,stuffed,New Mexico State,0.1456953642384106,302
2022,defense,stop,New Mexico State,0.5913978494623656,93
2022,special_teams,fg,New Mexico State,0.5,10
2022,special_teams,ko_cov,New Mexico State,1.25,24
2022,special_teams,ko_ret,New Mexico State,0.2,40
2022,special_teams,punt,New Mexico State,38.58064516129032,31
2022,special_teams,punt_ret,New Mexico State,37.035714285714285,28
2022,special_teams,fg_epa,New Mexico State,-1.0041983485221864,10
2022,special_teams,ko_epa,New Mexico State,-0.050365790724754333,24
2022,special_teams,ko_ret_epa,New Mexico State,-0.01007966250181198,40
2022,special_teams,punt_epa,New Mexico State,-0.15114865187675722,31
2022,special_teams,punt_ret_epa,New Mexico State,0.3888120119060789,28
2022,offense,success,North Carolina,0.5129604365620737,733
2022,offense,explosive,North Carolina,0.15552523874488403,733
2022,offense,epa_rush,North Carolina,0.05656338991234061,337
2022,offense,epa_pass,North Carolina,0.4241665912513962,396
2022,offense,ypp,North Carolina,7.070941336971351,733
2022,offense,comp,North Carolina,0.6856368563685636,369
2022,offense,conv3,North Carolina,0.5289855072463768,138
2022,offense,sack,North Carolina,0.06818181818181818,396
2022,offense,int,North Carolina,0.008130081300813009,369
2022,offense,turnover,North Carolina,0.021828103683492497,733
2022,offense,stuffed,North Carolina,0.1661721068249258,337
2022,offense,scoring,North Carolina,0.496,125
2022,defense,success,North Carolina,0.5301204819277109,747
2022,defense,explosive,North Carolina,0.1285140562248996,747
2022,defense,epa_rush,North Carolina,0.07480149506082778,376
2022,defense,epa_pass,North Carolina,0.2752147342647468,371
2022,defense,ypp,North Carolina,6.306559571619813,747
2022,defense,comp,North Carolina,0.6320224719101124,356
2022,defense,conv3,North Carolina,0.40875912408759124,137
2022,defense,sack,North Carolina,0.04043126684636118,371
2022,defense,int,North Carolina,0.019662921348314606,356
2022,defense,turnover,North Carolina,0.01740294511378849,747
2022,defense,stuffed,North Carolina,0.1276595744680851,376
2022,defense,stop,North Carolina,0.6033057851239669,121
2022,special_teams,fg,North Carolina,0.8181818181818182,11
2022,special_teams,ko_cov,North Carolina,1.8955223880597014,67
2022,special_teams,ko_ret,North Carolina,3.1320754716981134,53
2022,special_teams,punt,North Carolina,40.51851851851852,27
2022,special_teams,punt_ret,North Carolina,37.0,33
2022,special_teams,fg_epa,North Carolina,0.4062627228823575,11
2022,special_teams,ko_epa,North Carolina,-0.1384356475588101,67
2022,special_teams,ko_ret_epa,North Carolina,0.22938320321856803,53
2022,special_teams,punt_epa,North Carolina,-0.02173187169763777,27
2022,special_teams,punt_ret_epa,North Carolina,0.40807862399202405,33
2022,offense,success,North Texas,0.46006389776357826,626
2022,offense,explosive,North Texas,0.15654952076677317,626
2022,offense,epa_rush,North Texas,0.03749719823882189,334
2022,offense,epa_pass,North Texas,0.07280750994155026,292
2022,offense,ypp,North Texas,6.884984025559105,626
2022,offense,comp,North Texas,0.5567375886524822,282
2022,offense,conv3,North Texas,0.42276422764227645,123
2022,offense,sack,North Texas,0.03424657534246575,292
2022,offense,int,North Texas,0.0425531914893617,282
2022,offense,turnover,North Texas,0.03194888178913738,626
2022,offense,stuffed,North Texas,0.1467065868263473,334
2022,offense,scoring,North Texas,0.39166666666666666,120
2022,defense,success,North Texas,0.49700598802395207,668
2022,defense,explosive,North Texas,0.12574850299401197,668
2022,defense,epa_rush,North Texas,0.14651808425330926,328
2022,defense,epa_pass,North Texas,0.030877418706871964,340
2022,defense,ypp,North Texas,6.221556886227545,668
2022,defense,comp,North Texas,0.6180124223602484,322
2022,defense,conv3,North Texas,0.48951048951048953,143
2022,defense,sack,North Texas,0.052941176470588235,340
2022,defense,int,North Texas,0.018633540372670808,322
2022,defense,turnover,North Texas,0.014970059880239521,668
2022,defense,stuffed,North Texas,0.10365853658536585,328
2022,defense,stop,North Texas,0.5963302752293578,109
2022,special_teams,fg,North Texas,0.8571428571428571,14
2022,special_teams,ko_cov,North Texas,1.3392857142857142,56
2022,special_teams,ko_ret,North Texas,1.4339622641509433,53
2022,special_teams,punt,North Texas,39.03225806451613,31
2022,special_teams,punt_ret,North Texas,44.25,36
2022,special_teams,fg_epa,North Texas,0.28793069294520784,14
2022,special_teams,ko_epa,North Texas,-0.07181104591914586,56
2022,special_teams,ko_ret_epa,North Texas,0.10966045564075685,53
2022,special_teams,punt_epa,North Texas,-0.27528911684789964,31
2022,special_teams,punt_ret_epa,North Texas,-0.14258898049592972,36
2022,offense,success,Northern Illinois,0.46629213483146065,712
2022,offense,explosive,Northern Illinois,0.11095505617977527,712
2022,offense,epa_rush,Northern Illinois,0.07954232311943059,420
2022,offense,epa_pass,Northern Illinois,0.11745172071480442,292
2022,offense,ypp,Northern Illinois,6.169943820224719,712
2022,offense,comp,Northern Illinois,0.5809859154929577,284
2022,offense,conv3,Northern Illinois,0.4266666666666667,150
2022,offense,sack,Northern Illinois,0.0273972602739726,292
2022,offense,int,Northern Illinois,0.03873239436619718,284
2022,offense,turnover,Northern Illinois,0.023876404494382022,712
2022,offense,stuffed,Northern Illinois,0.12857142857142856,420
2022,offense,scoring,Northern Illinois,0.368,125
2022,defense,success,Northern Illinois,0.4573002754820937,726
2022,defense,explosive,Northern Illinois,0.12121212121212122,726
2022,defense,epa_rush,Northern Illinois,0.011720804542909054,374
2022,defense,epa_pass,Northern Illinois,0.22804746300839385,352
2022,defense,ypp,Northern Illinois,6.074380165289257,726
2022,defense,comp,Northern Illinois,0.6123076923076923,325
2022,defense,conv3,Northern Illinois,0.47019867549668876,151
2022,defense,sack,Northern Illinois,0.07670454545454546,352
2022,defense,int,Northern Illinois,0.021538461538461538,325
2022,defense,turnover,Northern Illinois,0.023415977961432508,726
2022,defense,stuffed,Northern Illinois,0.13368983957219252,374
2022,defense,stop,Northern Illinois,0.5714285714285714,133
2022,special_teams,fg,Northern Illinois,0.7777777777777778,18
2022,special_teams,ko_cov,Northern Illinois,3.8275862068965516,58
2022,special_teams,ko_ret,Northern Illinois,2.838235294117647,68
2022,special_teams,punt,Northern Illinois,35.39473684210526,38
2022,special_teams,punt_ret,Northern Illinois,42.310344827586206,29
2022,special_teams,fg_epa,Northern Illinois,0.27965766853756374,18
2022,special_teams,ko_epa,Northern Illinois,-0.29843023727680074,58
2022,special_teams,ko_ret_epa,Northern Illinois,0.18452524700585535,68
2022,special_teams,punt_epa,Northern Illinois,-0.5606634797234284,38
2022,special_teams,punt_ret_epa,Northern Illinois,-0.17595927365894976,29
2022,offense,success,Northwestern,0.40269277845777235,817
2022,offense,explosive,Northwestern,0.07711138310893513,817
2022,offense,epa_rush,Northwestern,-0.16839787345216942,410
2022,offense,epa_pass,Northwestern,-0.14554894317179123,407
2022,offense,ypp,Northwestern,4.608323133414933,817
2022,offense,comp,Northwestern,0.5871794871794872,390
2022,offense,conv3,Northwestern,0.38202247191011235,178
2022,offense,sack,Northwestern,0.04176904176904177,407
2022,offense,int,Northwestern,0.041025641025641026,390
2022,offense,turnover,Northwestern,0.03549571603427173,817
2022,offense,stuffed,Northwestern,0.17560975609756097,410
2022,offense,scoring,Northwestern,0.22137404580152673,131
2022,defense,success,Northwestern,0.4888010540184453,759
2022,defense,explosive,Northwestern,0.11594202898550725,759
2022,defense,epa_rush,Northwestern,0.019741982386130938,445
2022,defense,epa_pass,Northwestern,-0.022695107176234613,314
2022,defense,ypp,Northwestern,5.5059288537549405,759
2022,defense,comp,Northwestern,0.587248322147651,298
2022,defense,conv3,Northwestern,0.43670886075949367,158
2022,defense,sack,Northwestern,0.050955414012738856,314
2022,defense,int,Northwestern,0.020134228187919462,298
2022,defense,turnover,Northwestern,0.015810276679841896,759
2022,defense,stuffed,Northwestern,0.15955056179775282,445
2022,defense,stop,Northwestern,0.6287878787878788,132
2022,special_teams,fg,Northwestern,0.6666666666666666,9
2022,special_teams,ko_cov,Northwestern,-3.032258064516129,31
2022,special_teams,ko_ret,Northwestern,2.6226415094339623,53
2022,special_teams,punt,Northwestern,35.28,50
2022,special_teams,punt_ret,Northwestern,38.38297872340426,47
2022,special_teams,fg_epa,Northwestern,-0.661614735921224,9
2022,special_teams,ko_epa,Northwestern,0.26703677062065373,31
2022,special_teams,ko_ret_epa,Northwestern,0.20200831710167652,53
2022,special_teams,punt_epa,Northwestern,-0.3174703687429428,50
2022,special_teams,punt_ret_epa,Northwestern,0.2599345305340087,47
2022,offense,success,Notre Dame,0.5058997050147492,678
2022,offense,explosive,Notre Dame,0.13274336283185842,678
2022,offense,epa_rush,Notre Dame,-0.05192442494555008,409
2022,offense,epa_pass,Notre Dame,0.05748055589602395,269
2022,offense,ypp,Notre Dame,5.67551622418879,678
2022,offense,comp,Notre Dame,0.6150793650793651,252
2022,offense,conv3,Notre Dame,0.4420289855072464,138
2022,offense,sack,Notre Dame,0.06319702602230483,269
2022,offense,int,Notre Dame,0.027777777777777776,252
2022,offense,turnover,Notre Dame,0.019174041297935103,678
2022,offense,stuffed,Notre Dame,0.1393643031784841,409
2022,offense,scoring,Notre Dame,0.375,120
2022,defense,success,Notre Dame,0.409375,640
2022,defense,explosive,Notre Dame,0.1171875,640
2022,defense,epa_rush,Notre Dame,0.06112954672165437,309
2022,defense,epa_pass,Notre Dame,-0.12770494830005608,331
2022,defense,ypp,Notre Dame,5.4375,640
2022,defense,comp,Notre Dame,0.5761589403973509,302
2022,defense,conv3,Notre Dame,0.3333333333333333,126
2022,defense,sack,Notre Dame,0.08761329305135952,331
2022,defense,int,Notre Dame,0.019867549668874173,302
2022,defense,turnover,Notre Dame,0.01875,640
2022,defense,stuffed,Notre Dame,0.20064724919093851,309
2022,defense,stop,Notre Dame,0.7049180327868853,122
2022,special_teams,fg,Notre Dame,0.6666666666666666,15
2022,special_teams,ko_cov,Notre Dame,0.5185185185185185,54
2022,special_teams,ko_ret,Notre Dame,4.409090909090909,44
2022,special_teams,punt,Notre Dame,40.7,40
2022,special_teams,punt_ret,Notre Dame,32.945454545454545,55
2022,special_teams,fg_epa,Notre Dame,-0.46717009544372556,15
2022,special_teams,ko_epa,Notre Dame,-0.036846148746984976,54
2022,special_teams,ko_ret_epa,Notre Dame,0.3388813557949933,44
2022,special_teams,punt_epa,Notre Dame,-0.016569011285901068,40
2022,special_teams,punt_ret_epa,Notre Dame,0.6879965034398166,55
2022,offense,success,Ohio,0.46987951807228917,664
2022,offense,explosive,Ohio,0.14006024096385541,664
2022,offense,epa_rush,Ohio,-0.0612741672506324,316
2022,offense,epa_pass,Ohio,0.21732180019383487,348
2022,offense,ypp,Ohio,6.34789156626506,664
2022,offense,comp,Ohio,0.6452599388379205,327
2022,offense,conv3,Ohio,0.3875968992248062,129
2022,offense,sack,Ohio,0.0603448275862069,348
2022,offense,int,Ohio,0.01529051987767584,327
2022,offense,turnover,Ohio,0.016566265060240965,664
2022,offense,stuffed,Ohio,0.17405063291139242,316
2022,offense,scoring,Ohio,0.45185185185185184,135
2022,defense,success,Ohio,0.4696969696969697,726
2022,defense,explosive,Ohio,0.13360881542699724,726
2022,defense,epa_rush,Ohio,-0.02845756558359349,300
2022,defense,epa_pass,Ohio,0.12285524805661725,426
2022,defense,ypp,Ohio,6.300275482093664,726
2022,defense,comp,Ohio,0.65,400
2022,defense,conv3,Ohio,0.37209302325581395,129
2022,defense,sack,Ohio,0.06103286384976526,426
2022,defense,int,Ohio,0.0225,400
2022,defense,turnover,Ohio,0.03168044077134986,726
2022,defense,stuffed,Ohio,0.20666666666666667,300
2022,defense,stop,Ohio,0.6422018348623854,109
2022,special_teams,fg,Ohio,0.85,20
2022,special_teams,ko_cov,Ohio,0.3870967741935484,62
2022,special_teams,ko_ret,Ohio,-0.4074074074074074,54
2022,special_teams,punt,Ohio,34.794117647058826,34
2022,special_teams,punt_ret,Ohio,39.88235294117647,17
2022,special_teams,fg_epa,Ohio,0.15693063735961915,20
2022,special_teams,ko_epa,Ohio,0.0108219115964828,62
2022,special_teams,ko_ret_epa,Ohio,-0.06460066305266486,54
2022,special_teams,punt_epa,Ohio,-0.45224057795370326,34
2022,special_teams,punt_ret_epa,Ohio,0.06382602803847369,17
2022,offense,success,Ohio State,0.5621212121212121,660
2022,offense,explosive,Ohio State,0.1696969696969697,660
2022,offense,epa_rush,Ohio State,0.127229675404902,356
2022,offense,epa_pass,Ohio State,0.40510097995467603,304
2022,offense,ypp,Ohio State,7.828787878787879,660
2022,offense,comp,Ohio State,0.6778523489932886,298
2022,offense,conv3,Ohio State,0.4796747967479675,123
2022,offense,sack,Ohio State,0.019736842105263157,304
2022,offense,int,Ohio State,0.013422818791946308,298
2022,offense,turnover,Ohio State,0.00909090909090909,660
2022,offense,stuffed,Ohio State,0.14325842696629212,356
2022,offense,scoring,Ohio State,0.5511811023622047,127
2022,defense,success,Ohio State,0.35152487961476725,623
2022,defense,explosive,Ohio State,0.08828250401284109,623
2022,defense,epa_rush,Ohio State,-0.16242847491515663,330
2022,defense,epa_pass,Ohio State,-0.2738816531132832,293
2022,defense,ypp,Ohio State,4.537720706260032,623
2022,defense,comp,Ohio State,0.5617977528089888,267
2022,defense,conv3,Ohio State,0.30405405405405406,148
2022,defense,sack,Ohio State,0.08873720136518772,293
2022,defense,int,Ohio State,0.04119850187265917,267
2022,defense,turnover,Ohio State,0.03691813804173355,623
2022,defense,stuffed,Ohio State,0.19696969696969696,330
2022,defense,stop,Ohio State,0.8076923076923077,130
2022,special_teams,fg,Ohio State,0.8181818181818182,11
2022,special_teams,ko_cov,Ohio State,0.9493670886075949,79
2022,special_teams,ko_ret,Ohio State,1.5757575757575757,33
2022,special_teams,punt,Ohio State,41.388888888888886,36
2022,special_teams,punt_ret,Ohio State,40.540983606557376,61
2022,special_teams,fg_epa,Ohio State,0.28359703584150836,11
2022,special_teams,ko_epa,Ohio State,-0.061725074731850925,79
2022,special_teams,ko_ret_epa,Ohio State,0.11021381616592407,33
2022,special_teams,punt_epa,Ohio State,-0.07925861473712656,36
2022,special_teams,punt_ret_epa,Ohio State,0.207654599039281,61
2022,offense,success,Oklahoma,0.492040520984081,691
2022,offense,explosive,Oklahoma,0.14037626628075253,691
2022,offense,epa_rush,Oklahoma,0.04873972050865008,383
2022,offense,epa_pass,Oklahoma,0.08221917416417834,308
2022,offense,ypp,Oklahoma,6.350217076700434,691
2022,offense,comp,Oklahoma,0.6180555555555556,288
2022,offense,conv3,Oklahoma,0.4117647058823529,136
2022,offense,sack,Oklahoma,0.06493506493506493,308
2022,offense,int,Oklahoma,0.017361111111111112,288
2022,offense,turnover,Oklahoma,0.017366136034732273,691
2022,offense,stuffed,Oklahoma,0.13838120104438642,383
2022,offense,scoring,Oklahoma,0.38345864661654133,133
2022,defense,success,Oklahoma,0.4731774415405777,727
2022,defense,explosive,Oklahoma,0.13204951856946354,727
2022,defense,epa_rush,Oklahoma,0.10691079250636268,382
2022,defense,epa_pass,Oklahoma,0.013333965820130219,345
2022,defense,ypp,Oklahoma,5.8817056396148555,727
2022,defense,comp,Oklahoma,0.625,328
2022,defense,conv3,Oklahoma,0.44594594594594594,148
2022,defense,sack,Oklahoma,0.04927536231884058,345
2022,defense,int,Oklahoma,0.03353658536585366,328
2022,defense,turnover,Oklahoma,0.027510316368638238,727
2022,defense,stuffed,Oklahoma,0.16230366492146597,382
2022,defense,stop,Oklahoma,0.640625,128
2022,special_teams,fg,Oklahoma,0.75,12
2022,special_teams,ko_cov,Oklahoma,10.36,50
2022,special_teams,ko_ret,Oklahoma,12.137254901960784,51
2022,special_teams,punt,Oklahoma,37.8421052631579,38
2022,special_teams,punt_ret,Oklahoma,33.32432432432432,37
2022,special_teams,fg_epa,Oklahoma,-0.024291833241780598,12
2022,special_teams,ko_epa,Oklahoma,-0.6849460852146149,50
2022,special_teams,ko_ret_epa,Oklahoma,0.8166446218303606,51
2022,special_teams,punt_epa,Oklahoma,-0.2554763210447211,38
2022,special_teams,punt_ret_epa,Oklahoma,0.46247151775940043,37
2022,offense,success,Oklahoma State,0.4489528795811518,764
2022,offense,explosive,Oklahoma State,0.1099476439790576,764
2022,offense,epa_rush,Oklahoma State,-0.07251650927668542,361
2022,offense,epa_pass,Oklahoma State,0.030373011235016165,403
2022,offense,ypp,Oklahoma State,5.642670157068062,764
2022,offense,comp,Oklahoma State,0.5813953488372093,387
2022,offense,conv3,Oklahoma State,0.3783783783783784,148
2022,offense,sack,Oklahoma State,0.03970223325062035,403
2022,offense,int,Oklahoma State,0.03359173126614987,387
2022,offense,turnover,Oklahoma State,0.031413612565445025,764
2022,offense,stuffed,Oklahoma State,0.1745152354570637,361
2022,offense,scoring,Oklahoma State,0.3783783783783784,148
2022,defense,success,Oklahoma State,0.4238156209987196,781
2022,defense,explosive,Oklahoma State,0.12804097311139565,781
2022,defense,epa_rush,Oklahoma State,0.009452137862046048,351
2022,defense,epa_pass,Oklahoma State,0.05911889454110537,430
2022,defense,ypp,Oklahoma State,6.0,781
2022,defense,comp,Oklahoma State,0.589242053789731,409
2022,defense,conv3,Oklahoma State,0.31645569620253167,158
2022,defense,sack,Oklahoma State,0.04883720930232558,430
2022,defense,int,Oklahoma State,0.02444987775061125,409
2022,defense,turnover,Oklahoma State,0.020486555697823303,781
2022,defense,stuffed,Oklahoma State,0.19658119658119658,351
2022,defense,stop,Oklahoma State,0.6577181208053692,149
2022,special_teams,fg,Oklahoma State,0.9444444444444444,18
2022,special_teams,ko_cov,Oklahoma State,-0.6507936507936508,63
2022,special_teams,ko_ret,Oklahoma State,4.311475409836065,61
2022,special_teams,punt,Oklahoma State,36.689655172413794,58
2022,special_teams,punt_ret,Oklahoma State,39.30909090909091,55
2022,special_teams,fg_epa,Oklahoma State,0.8115311794810824,18
2022,special_teams,ko_epa,Oklahoma State,0.06423699382751707,63
2022,special_teams,ko_ret_epa,Oklahoma State,0.2939978202835458,61
2022,special_teams,punt_epa,Oklahoma State,-0.3142121109212267,58
2022,special_teams,punt_ret_epa,Oklahoma State,0.17211251705884933,55
2022,offense,success,Old Dominion,0.3612040133779264,598
2022,offense,explosive,Old Dominion,0.11371237458193979,598
2022,offense,epa_rush,Old Dominion,-0.08175823061673614,227
2022,offense,epa_pass,Old Dominion,-0.15817633405332207,371
2022,offense,ypp,Old Dominion,5.438127090301004,598
2022,offense,comp,Old Dominion,0.5571847507331378,341
2022,offense,conv3,Old Dominion,0.24806201550387597,129
2022,offense,sack,Old Dominion,0.08086253369272237,371
2022,offense,int,Old Dominion,0.02346041055718475,341
2022,offense,turnover,Old Dominion,0.023411371237458192,598
2022,offense,stuffed,Old Dominion,0.1762114537444934,227
2022,offense,scoring,Old Dominion,0.2540983606557377,122
2022,defense,success,Old Dominion,0.4648786717752235,783
2022,defense,explosive,Old Dominion,0.13282247765006386,783
2022,defense,epa_rush,Old Dominion,-0.06546487048020289,447
2022,defense,epa_pass,Old Dominion,0.05431497124953318,336
2022,defense,ypp,Old Dominion,5.84418901660281,783
2022,defense,comp,Old Dominion,0.6535947712418301,306
2022,defense,conv3,Old Dominion,0.4177215189873418,158
2022,defense,sack,Old Dominion,0.08928571428571429,336
2022,defense,int,Old Dominion,0.029411764705882353,306
2022,defense,turnover,Old Dominion,0.03065134099616858,783
2022,defense,stuffed,Old Dominion,0.18791946308724833,447
2022,defense,stop,Old Dominion,0.6287878787878788,132
2022,special_teams,fg,Old Dominion,0.7272727272727273,11
2022,special_teams,ko_cov,Old Dominion,0.05,40
2022,special_teams,ko_ret,Old Dominion,1.9259259259259258,54
2022,special_teams,punt,Old Dominion,40.45283018867924,53
2022,special_teams,punt_ret,Old Dominion,36.05882352941177,34
2022,special_teams,fg_epa,Old Dominion,-0.27735539999875153,11
2022,special_teams,ko_epa,Old Dominion,0.012440894544124604,40
2022,special_teams,ko_ret_epa,Old Dominion,0.12394412248222916,54
2022,special_teams,punt_epa,Old Dominion,-0.04902298481396909,53
2022,special_teams,punt_ret_epa,Old Dominion,0.29659077086869406,34
2022,offense,success,Ole Miss,0.504,750
2022,offense,explosive,Ole Miss,0.17066666666666666,750
2022,offense,epa_rush,Ole Miss,0.11642544874674537,466
2022,offense,epa_pass,Ole Miss,0.03553678933026435,284
2022,offense,ypp,Ole Miss,6.476,750
2022,offense,comp,Ole Miss,0.5948905109489051,274
2022,offense,conv3,Ole Miss,0.5,140
2022,offense,sack,Ole Miss,0.035211267605633804,284
2022,offense,int,Ole Miss,0.029197080291970802,274
2022,offense,turnover,Ole Miss,0.028,750
2022,offense,stuffed,Ole Miss,0.19098712446351931,466
2022,offense,scoring,Ole Miss,0.45454545454545453,121
2022,defense,success,Ole Miss,0.4671328671328671,715
2022,defense,explosive,Ole Miss,0.1076923076923077,715
2022,defense,epa_rush,Ole Miss,0.0416724834119381,361
2022,defense,epa_pass,Ole Miss,0.08137881576985484,354
2022,defense,ypp,Ole Miss,5.444755244755245,715
2022,defense,comp,Ole Miss,0.6238532110091743,327
2022,defense,conv3,Ole Miss,0.38666666666666666,150
2022,defense,sack,Ole Miss,0.07627118644067797,354
2022,defense,int,Ole Miss,0.01834862385321101,327
2022,defense,turnover,Ole Miss,0.022377622377622378,715
2022,defense,stuffed,Ole Miss,0.14958448753462603,361
2022,defense,stop,Ole Miss,0.6694214876033058,121
2022,special_teams,fg,Ole Miss,0.9090909090909091,11
2022,special_teams,ko_cov,Ole Miss,2.3859649122807016,57
2022,special_teams,ko_ret,Ole Miss,4.0,48
2022,special_teams,punt,Ole Miss,40.0,30
2022,special_teams,punt_ret,Ole Miss,39.609756097560975,41
2022,special_teams,fg_epa,Ole Miss,0.9203755963932384,11
2022,special_teams,ko_epa,Ole Miss,-0.14757330375805236,57
2022,special_teams,ko_ret_epa,Ole Miss,0.25307608147462207,48
2022,special_teams,punt_epa,Ole Miss,0.019066623598337173,30
2022,special_teams,punt_ret_epa,Ole Miss,0.026315423046670307,41
2022,offense,success,Oregon,0.5872801082543978,739
2022,offense,explosive,Oregon,0.17861975642760486,739
2022,offense,epa_rush,Oregon,0.2589785890877096,411
2022,offense,epa_pass,Oregon,0.2487221432397298,328
2022,offense,ypp,Oregon,7.456021650879567,739
2022,offense,comp,Oregon,0.7208588957055214,326
2022,offense,conv3,Oregon,0.4838709677419355,124
2022,offense,sack,Oregon,0.006097560975609756,328
2022,offense,int,Oregon,0.024539877300613498,326
2022,offense,turnover,Oregon,0.016238159675236806,739
2022,offense,stuffed,Oregon,0.1386861313868613,411
2022,offense,scoring,Oregon,0.5727272727272728,110
2022,defense,success,Oregon,0.4900763358778626,655
2022,defense,explosive,Oregon,0.09770992366412214,655
2022,defense,epa_rush,Oregon,-0.019120220696768612,261
2022,defense,epa_pass,Oregon,0.24348118983095055,394
2022,defense,ypp,Oregon,6.190839694656488,655
2022,defense,comp,Oregon,0.6614173228346457,381
2022,defense,conv3,Oregon,0.49624060150375937,133
2022,defense,sack,Oregon,0.03299492385786802,394
2022,defense,int,Oregon,0.028871391076115485,381
2022,defense,turnover,Oregon,0.030534351145038167,655
2022,defense,stuffed,Oregon,0.18773946360153257,261
2022,defense,stop,Oregon,0.5675675675675675,111
2022,special_teams,fg,Oregon,0.9090909090909091,11
2022,special_teams,ko_cov,Oregon,3.8,65
2022,special_teams,ko_ret,Oregon,3.0714285714285716,56
2022,special_teams,punt,Oregon,36.666666666666664,21
2022,special_teams,punt_ret,Oregon,38.125,24
2022,special_teams,fg_epa,Oregon,0.5600588755174116,11
2022,special_teams,ko_epa,Oregon,-0.23994151812333328,65
2022,special_teams,ko_ret_epa,Oregon,0.17929874573435103,56
2022,special_teams,punt_epa,Oregon,-0.2920959669919241,21
2022,special_teams,punt_ret_epa,Oregon,0.33208123594522476,24
2022,offense,success,Oregon State,0.4984709480122324,654
2022,offense,explosive,Oregon State,0.13149847094801223,654
2022,offense,epa_rush,Oregon State,0.08270656660489369,383
2022,offense,epa_pass,Oregon State,0.04481297584162029,271
2022,offense,ypp,Oregon State,6.13914373088685,654
2022,offense,comp,Oregon State,0.6106870229007634,262
2022,offense,conv3,Oregon State,0.4369747899159664,119
2022,offense,sack,Oregon State,0.033210332103321034,271
2022,offense,int,Oregon State,0.04961832061068702,262
2022,offense,turnover,Oregon State,0.03363914373088685,654
2022,offense,stuffed,Oregon State,0.185378590078329,383
2022,offense,scoring,Oregon State,0.39655172413793105,116
2022,defense,success,Oregon State,0.425,640
2022,defense,explosive,Oregon State,0.1234375,640
2022,defense,epa_rush,Oregon State,0.01370377971139337,259
2022,defense,epa_pass,Oregon State,-0.1368883886255513,381
2022,defense,ypp,Oregon State,5.3921875,640
2022,defense,comp,Oregon State,0.55858310626703,367
2022,defense,conv3,Oregon State,0.39416058394160586,137
2022,defense,sack,Oregon State,0.03674540682414698,381
2022,defense,int,Oregon State,0.04087193460490463,367
2022,defense,turnover,Oregon State,0.0390625,640
2022,defense,stuffed,Oregon State,0.19305019305019305,259
2022,defense,stop,Oregon State,0.6842105263157895,114
2022,special_teams,fg,Oregon State,0.5333333333333333,15
2022,special_teams,ko_cov,Oregon State,2.6551724137931036,58
2022,special_teams,ko_ret,Oregon State,3.217391304347826,46
2022,special_teams,punt,Oregon State,42.51724137931034,29
2022,special_teams,punt_ret,Oregon State,34.0,43
2022,special_teams,fg_epa,Oregon State,-1.0679267009099325,15
2022,special_teams,ko_epa,Oregon State,-0.154189415019134,58
2022,special_teams,ko_ret_epa,Oregon State,0.16395210701486337,46
2022,special_teams,punt_epa,Oregon State,0.15125511278366222,29
2022,special_teams,punt_ret_epa,Oregon State,0.536123896060988,43
2022,offense,success,Penn State,0.453781512605042,714
2022,offense,explosive,Penn State,0.13445378151260504,714
2022,offense,epa_rush,Penn State,-0.043186787738844094,363
2022,offense,epa_pass,Penn State,0.07404014267416192,351
2022,offense,ypp,Penn State,6.26890756302521,714
2022,offense,comp,Penn State,0.6272189349112426,338
2022,offense,conv3,Penn State,0.37037037037037035,135
2022,offense,sack,Penn State,0.037037037037037035,351
2022,offense,int,Penn State,0.020710059171597635,338
2022,offense,turnover,Penn State,0.022408963585434174,714
2022,offense,stuffed,Penn State,0.1763085399449036,363
2022,offense,scoring,Penn State,0.4153846153846154,130
2022,defense,success,Penn State,0.41304347826086957,690
2022,defense,explosive,Penn State,0.12173913043478261,690
2022,defense,epa_rush,Penn State,-0.06976029291622325,302
2022,defense,epa_pass,Penn State,-0.19618147548902237,388
2022,defense,ypp,Penn State,5.292753623188406,690
2022,defense,comp,Penn State,0.532033426183844,359
2022,defense,conv3,Penn State,0.36,150
2022,defense,sack,Penn State,0.07474226804123711,388
2022,defense,int,Penn State,0.03064066852367688,359
2022,defense,turnover,Penn State,0.036231884057971016,690
2022,defense,stuffed,Penn State,0.24834437086092714,302
2022,defense,stop,Penn State,0.75,128
2022,special_teams,fg,Penn State,0.7857142857142857,14
2022,special_teams,ko_cov,Penn State,0.22580645161290322,62
2022,special_teams,ko_ret,Penn State,0.4772727272727273,44
2022,special_teams,punt,Penn State,40.81578947368421,38
2022,special_teams,punt_ret,Penn State,40.38461538461539,52
2022,special_teams,fg_epa,Penn State,0.3277724725859506,14
2022,special_teams,ko_epa,Penn State,0.004911493870519822,62
2022,special_teams,ko_ret_epa,Penn State,0.014875726266340776,44
2022,special_teams,punt_epa,Penn State,-0.0447937548160553,38
2022,special_teams,punt_ret_epa,Penn State,0.151086314366414,52
2022,offense,success,Pittsburgh,0.46153846153846156,754
2022,offense,explosive,Pittsburgh,0.1206896551724138,754
2022,offense,epa_rush,Pittsburgh,0.03339417803989104,419
2022,offense,epa_pass,Pittsburgh,-0.056994676397517305,335
2022,offense,ypp,Pittsburgh,5.803713527851459,754
2022,offense,comp,Pittsburgh,0.5768025078369906,319
2022,offense,conv3,Pittsburgh,0.40131578947368424,152
2022,offense,sack,Pittsburgh,0.04776119402985075,335
2022,offense,int,Pittsburgh,0.02821316614420063,319
2022,offense,turnover,Pittsburgh,0.03183023872679045,754
2022,offense,stuffed,Pittsburgh,0.1718377088305489,419
2022,offense,scoring,Pittsburgh,0.3475177304964539,141
2022,defense,success,Pittsburgh,0.37926136363636365,704
2022,defense,explosive,Pittsburgh,0.11505681818181818,704
2022,defense,epa_rush,Pittsburgh,-0.09263759797132011,290
2022,defense,epa_pass,Pittsburgh,-0.16650695426726864,414
2022,defense,ypp,Pittsburgh,5.166193181818182,704
2022,defense,comp,Pittsburgh,0.5423280423280423,378
2022,defense,conv3,Pittsburgh,0.3248407643312102,157
2022,defense,sack,Pittsburgh,0.08695652173913043,414
2022,defense,int,Pittsburgh,0.026455026455026454,378
2022,defense,turnover,Pittsburgh,0.028409090909090908,704
2022,defense,stuffed,Pittsburgh,0.2482758620689655,290
2022,defense,stop,Pittsburgh,0.676056338028169,142
2022,special_teams,fg,Pittsburgh,0.7894736842105263,19
2022,special_teams,ko_cov,Pittsburgh,-0.3770491803278688,61
2022,special_teams,ko_ret,Pittsburgh,0.09433962264150944,53
2022,special_teams,punt,Pittsburgh,35.18181818181818,44
2022,special_teams,punt_ret,Pittsburgh,38.839285714285715,56
2022,special_teams,fg_epa,Pittsburgh,0.27288241762863963,19
2022,special_teams,ko_epa,Pittsburgh,0.03965489883891872,61
2022,special_teams,ko_ret_epa,Pittsburgh,-0.018753217076355556,53
2022,special_teams,punt_epa,Pittsburgh,-0.41610289771448483,44
2022,special_teams,punt_ret_epa,Pittsburgh,0.18513059722525732,56
2022,offense,success,Purdue,0.4786666666666667,750
2022,offense,explosive,Purdue,0.092,750
2022,offense,epa_rush,Purdue,-0.06541042195232283,330
2022,offense,epa_pass,Purdue,0.0006925596455320495,420
2022,offense,ypp,Purdue,5.394666666666667,750
2022,offense,comp,Purdue,0.6361386138613861,404
2022,offense,conv3,Purdue,0.3916083916083916,143
2022,offense,sack,Purdue,0.0380952380952381,420
2022,offense,int,Purdue,0.0297029702970297,404
2022,offense,turnover,Purdue,0.024,750
2022,offense,stuffed,Purdue,0.17272727272727273,330
2022,offense,scoring,Purdue,0.3488372093023256,129
2022,defense,success,Purdue,0.4068627450980392,612
2022,defense,explosive,Purdue,0.10130718954248366,612
2022,defense,epa_rush,Purdue,-0.130073831898475,302
2022,defense,epa_pass,Purdue,-0.053115549785699254,310
2022,defense,ypp,Purdue,5.861111111111111,612
2022,defense,comp,Purdue,0.5625,288
2022,defense,conv3,Purdue,0.3308270676691729,133
2022,defense,sack,Purdue,0.07096774193548387,310
2022,defense,int,Purdue,0.04861111111111111,288
2022,defense,turnover,Purdue,0.032679738562091505,612
2022,defense,stuffed,Purdue,0.152317880794702,302
2022,defense,stop,Purdue,0.703125,128
2022,special_teams,fg,Purdue,0.6875,16
2022,special_teams,ko_cov,Purdue,1.22,50
2022,special_teams,ko_ret,Purdue,0.574468085106383,47
2022,special_teams,punt,Purdue,36.84615384615385,39
2022,special_teams,punt_ret,Purdue,36.528301886792455,53
2022,special_teams,fg_epa,Purdue,-0.3689330741763115,16
2022,special_teams,ko_epa,Purdue,-0.08196223735809326,50
2022,special_teams,ko_ret_epa,Purdue,0.02492520530173119,47
2022,special_teams,punt_epa,Purdue,-0.38201454816720426,39
2022,special_teams,punt_ret_epa,Purdue,0.2548502953547352,53
2022,offense,success,Rice,0.4696969696969697,660
2022,offense,explosive,Rice,0.10606060606060606,660
2022,offense,epa_rush,Rice,0.03557453904090918,319
2022,offense,epa_pass,Rice,-0.08308373683092103,341
2022,offense,ypp,Rice,6.051515151515152,660
2022,offense,comp,Rice,0.5956112852664577,319
2022,offense,conv3,Rice,0.4732824427480916,131
2022,offense,sack,Rice,0.06451612903225806,341
2022,offense,int,Rice,0.050156739811912224,319
2022,offense,turnover,Rice,0.04090909090909091,660
2022,offense,stuffed,Rice,0.11912225705329153,319
2022,offense,scoring,Rice,0.358974358974359,117
2022,defense,success,Rice,0.4777397260273973,584
2022,defense,explosive,Rice,0.1643835616438356,584
2022,defense,epa_rush,Rice,0.04393900654111312,294
2022,defense,epa_pass,Rice,0.149118202389637,290
2022,defense,ypp,Rice,6.982876712328767,584
2022,defense,comp,Rice,0.6323529411764706,272
2022,defense,conv3,Rice,0.4380165289256198,121
2022,defense,sack,Rice,0.06206896551724138,290
2022,defense,int,Rice,0.029411764705882353,272
2022,defense,turnover,Rice,0.02226027397260274,584
2022,defense,stuffed,Rice,0.14625850340136054,294
2022,defense,stop,Rice,0.5470085470085471,117
2022,special_teams,fg,Rice,0.7692307692307693,13
2022,special_teams,ko_cov,Rice,5.0,42
2022,special_teams,ko_ret,Rice,3.238095238095238,63
2022,special_teams,punt,Rice,37.61290322580645,31
2022,special_teams,punt_ret,Rice,33.642857142857146,28
2022,special_teams,fg_epa,Rice,0.06643640995025635,13
2022,special_teams,ko_epa,Rice,-0.3326964718954904,42
2022,special_teams,ko_ret_epa,Rice,0.1894079285954672,63
2022,special_teams,punt_epa,Rice,-0.21488680474219785,31
2022,special_teams,punt_ret_epa,Rice,0.45132968361888615,28
2022,offense,success,Rutgers,0.42992125984251967,635
2022,offense,explosive,Rutgers,0.09921259842519685,635
2022,offense,epa_rush,Rutgers,-0.07161445064623195,346
2022,offense,epa_pass,Rutgers,-0.17543461456675408,289
2022,offense,ypp,Rutgers,5.218897637795275,635
2022,offense,comp,Rutgers,0.5291970802919708,274
2022,offense,conv3,Rutgers,0.34558823529411764,136
2022,offense,sack,Rutgers,0.05190311418685121,289
2022,offense,int,Rutgers,0.043795620437956206,274
2022,offense,turnover,Rutgers,0.025196850393700787,635
2022,offense,stuffed,Rutgers,0.14739884393063585,346
2022,offense,scoring,Rutgers,0.2682926829268293,123
2022,defense,success,Rutgers,0.42272727272727273,660
2022,defense,explosive,Rutgers,0.1,660
2022,defense,epa_rush,Rutgers,0.028825905638557848,345
2022,defense,epa_pass,Rutgers,-0.009459307948946474,315
2022,defense,ypp,Rutgers,5.233333333333333,660
2022,defense,comp,Rutgers,0.5789473684210527,304
2022,defense,conv3,Rutgers,0.3732394366197183,142
2022,defense,sack,Rutgers,0.03492063492063492,315
2022,defense,int,Rutgers,0.029605263157894735,304
2022,defense,turnover,Rutgers,0.024242424242424242,660
2022,defense,stuffed,Rutgers,0.20579710144927535,345
2022,defense,stop,Rutgers,0.7,120
2022,special_teams,fg,Rutgers,0.6875,16
2022,special_teams,ko_cov,Rutgers,7.828571428571428,35
2022,special_teams,ko_ret,Rutgers,3.173076923076923,52
2022,special_teams,punt,Rutgers,43.57142857142857,49
2022,special_teams,punt_ret,Rutgers,36.93181818181818,44
2022,special_teams,fg_epa,Rutgers,-0.16303545981645584,16
2022,special_teams,ko_epa,Rutgers,-0.5674152135848999,35
2022,special_teams,ko_ret_epa,Rutgers,0.22439457705387703,52
2022,special_teams,punt_epa,Rutgers,0.16778775015655828,49
2022,special_teams,punt_ret_epa,Rutgers,0.2773488275706768,44
2022,offense,success,SMU,0.47437425506555425,839
2022,offense,explosive,SMU,0.13587604290822408,839
2022,offense,epa_rush,SMU,0.03934725810351449,387
2022,offense,epa_pass,SMU,0.14182799928808923,452
2022,offense,ypp,SMU,6.35280095351609,839
2022,offense,comp,SMU,0.6244239631336406,434
2022,offense,conv3,SMU,0.4451219512195122,164
2022,offense,sack,SMU,0.03982300884955752,452
2022,offense,int,SMU,0.02304147465437788,434
2022,offense,turnover,SMU,0.029797377830750895,839
2022,offense,stuffed,SMU,0.1421188630490956,387
2022,offense,scoring,SMU,0.48226950354609927,141
2022,defense,success,SMU,0.45875,800
2022,defense,explosive,SMU,0.13875,800
2022,defense,epa_rush,SMU,0.19715713963878584,431
2022,defense,epa_pass,SMU,0.004789691766256136,369
2022,defense,ypp,SMU,6.3525,800
2022,defense,comp,SMU,0.5672514619883041,342
2022,defense,conv3,SMU,0.3625,160
2022,defense,sack,SMU,0.07317073170731707,369
2022,defense,int,SMU,0.029239766081871343,342
2022,defense,turnover,SMU,0.02375,800
2022,defense,stuffed,SMU,0.13225058004640372,431
2022,defense,stop,SMU,0.564625850340136,147
2022,special_teams,fg,SMU,0.7647058823529411,17
2022,special_teams,ko_cov,SMU,3.986111111111111,72
2022,special_teams,ko_ret,SMU,2.8857142857142857,70
2022,special_teams,punt,SMU,40.62068965517241,29
2022,special_teams,punt_ret,SMU,43.51162790697674,43
2022,special_teams,fg_epa,SMU,-0.084738528027254,17
2022,special_teams,ko_epa,SMU,-0.3070635919769605,72
2022,special_teams,ko_ret_epa,SMU,0.1924969358103616,70
2022,special_teams,punt_epa,SMU,-0.036790131494916715,29
2022,special_teams,punt_ret_epa,SMU,-0.19512954874094143,43
2022,offense,success,San Diego State,0.43260188087774293,638
2022,offense,explosive,San Diego State,0.11598746081504702,638
2022,offense,epa_rush,San Diego State,-0.10041716314338187,363
2022,offense,epa_pass,San Diego State,0.03980072084182547,275
2022,offense,ypp,San Diego State,5.697492163009405,638
2022,offense,comp,San Diego State,0.5875486381322957,257
2022,offense,conv3,San Diego State,0.3669064748201439,139
2022,offense,sack,San Diego State,0.06545454545454546,275
2022,offense,int,San Diego State,0.0311284046692607,257
2022,offense,turnover,San Diego State,0.02821316614420063,638
2022,offense,stuffed,San Diego State,0.19834710743801653,363
2022,offense,scoring,San Diego State,0.3170731707317073,123
2022,defense,success,San Diego State,0.43174603174603177,630
2022,defense,explosive,San Diego State,0.10158730158730159,630
2022,defense,epa_rush,San Diego State,-0.09426178901776852,261
2022,defense,epa_pass,San Diego State,-0.07216377404233998,369
2022,defense,ypp,San Diego State,5.080952380952381,630
2022,defense,comp,San Diego State,0.60932944606414,343
2022,defense,conv3,San Diego State,0.39097744360902253,133
2022,defense,sack,San Diego State,0.07046070460704607,369
2022,defense,int,San Diego State,0.03206997084548105,343
2022,defense,turnover,San Diego State,0.026984126984126985,630
2022,defense,stuffed,San Diego State,0.18773946360153257,261
2022,defense,stop,San Diego State,0.7583333333333333,120
2022,special_teams,fg,San Diego State,0.8235294117647058,17
2022,special_teams,ko_cov,San Diego State,0.5625,48
2022,special_teams,ko_ret,San Diego State,5.102564102564102,39
2022,special_teams,punt,San Diego State,39.25,44
2022,special_teams,punt_ret,San Diego State,36.659574468085104,47
2022,special_teams,fg_epa,San Diego State,0.14933736885295196,17
2022,special_teams,ko_epa,San Diego State,0.0025468977789084115,48
2022,special_teams,ko_ret_epa,San Diego State,0.3776612679163615,39
2022,special_teams,punt_epa,San Diego State,-0.12841757386922836,44
2022,special_teams,punt_ret_epa,San Diego State,0.2821218052760084,47
2022,offense,success,San José State,0.45884413309982486,571
2022,offense,explosive,San José State,0.1190893169877408,571
2022,offense,epa_rush,San José State,0.0476396368030175,213
2022,offense,epa_pass,San José State,0.07224123554022058,358
2022,offense,ypp,San José State,5.565674255691769,571
2022,offense,comp,San José State,0.598159509202454,326
2022,offense,conv3,San José State,0.36363636363636365,110
2022,offense,sack,San José State,0.0893854748603352,358
2022,offense,int,San José State,0.009202453987730062,326
2022,offense,turnover,San José State,0.005253940455341506,571
2022,offense,stuffed,San José State,0.2112676056338028,213
2022,offense,scoring,San José State,0.38235294117647056,102
2022,defense,success,San José State,0.4176991150442478,565
2022,defense,explosive,San José State,0.11150442477876106,565
2022,defense,epa_rush,San José State,-0.07211485961875244,294
2022,defense,epa_pass,San José State,-0.0922673612362592,271
2022,defense,ypp,San José State,5.139823008849557,565
2022,defense,comp,San José State,0.5941422594142259,239
2022,defense,conv3,San José State,0.38461538461538464,117
2022,defense,sack,San José State,0.11808118081180811,271
2022,defense,int,San José State,0.04184100418410042,239
2022,defense,turnover,San José State,0.033628318584070796,565
2022,defense,stuffed,San José State,0.22448979591836735,294
2022,defense,stop,San José State,0.75,108
2022,special_teams,fg,San José State,0.6428571428571429,14
2022,special_teams,ko_cov,San José State,3.1555555555555554,45
2022,special_teams,ko_ret,San José State,-0.09090909090909091,33
2022,special_teams,punt,San José State,37.18181818181818,33
2022,special_teams,punt_ret,San José State,39.475,40
2022,special_teams,fg_epa,San José State,-0.4985987288611276,14
2022,special_teams,ko_epa,San José State,-0.20206256575054593,45
2022,special_teams,ko_ret_epa,San José State,-0.06627011479753436,33
2022,special_teams,punt_epa,San José State,-0.38730714628190704,33
2022,special_teams,punt_ret_epa,San José State,0.12961690053343772,40
2022,offense,success,South Alabama,0.46122448979591835,735
2022,offense,explosive,South Alabama,0.11020408163265306,735
2022,offense,epa_rush,South Alabama,0.016129450211519857,377
2022,offense,epa_pass,South Alabama,0.13464438453861785,358
2022,offense,ypp,South Alabama,6.093877551020408,735
2022,offense,comp,South Alabama,0.65,340
2022,offense,conv3,South Alabama,0.42,150
2022,offense,sack,South Alabama,0.05027932960893855,358
2022,offense,int,South Alabama,0.020588235294117647,340
2022,offense,turnover,South Alabama,0.0163265306122449,735
2022,offense,stuffed,South Alabama,0.13527851458885942,377
2022,offense,scoring,South Alabama,0.4112903225806452,124
2022,defense,success,South Alabama,0.3886255924170616,633
2022,defense,explosive,South Alabama,0.09636650868878358,633
2022,defense,epa_rush,South Alabama,-0.10689428557497578,260
2022,defense,epa_pass,South Alabama,-0.1342599239197707,373
2022,defense,ypp,South Alabama,5.044233807266982,633
2022,defense,comp,South Alabama,0.5942857142857143,350
2022,defense,conv3,South Alabama,0.29411764705882354,136
2022,defense,sack,South Alabama,0.06166219839142091,373
2022,defense,int,South Alabama,0.02857142857142857,350
2022,defense,turnover,South Alabama,0.026856240126382307,633
2022,defense,stuffed,South Alabama,0.16538461538461538,260
2022,defense,stop,South Alabama,0.7338709677419355,124
2022,special_teams,fg,South Alabama,0.9285714285714286,14
2022,special_teams,ko_cov,South Alabama,2.1639344262295084,61
2022,special_teams,ko_ret,South Alabama,3.769230769230769,39
2022,special_teams,punt,South Alabama,38.51111111111111,45
2022,special_teams,punt_ret,South Alabama,39.23529411764706,51
2022,special_teams,fg_epa,South Alabama,0.8430490578923907,14
2022,special_teams,ko_epa,South Alabama,-0.1429374599065937,61
2022,special_teams,ko_ret_epa,South Alabama,0.24421015763894105,39
2022,special_teams,punt_epa,South Alabama,-0.12912709580527412,45
2022,special_teams,punt_ret_epa,South Alabama,0.1502949287201844,51
2022,offense,success,South Carolina,0.4602649006622517,604
2022,offense,explosive,South Carolina,0.13245033112582782,604
2022,offense,epa_rush,South Carolina,0.04448616585836179,292
2022,offense,epa_pass,South Carolina,-0.06570437582792842,312
2022,offense,ypp,South Carolina,6.187086092715232,604
2022,offense,comp,South Carolina,0.6529209621993127,291
2022,offense,conv3,South Carolina,0.3949579831932773,119
2022,offense,sack,South Carolina,0.0673076923076923,312
2022,offense,int,South Carolina,0.037800687285223365,291
2022,offense,turnover,South Carolina,0.048013245033112585,604
2022,offense,stuffed,South Carolina,0.14383561643835616,292
2022,offense,scoring,South Carolina,0.3548387096774194,124
2022,defense,success,South Carolina,0.49711815561959655,694
2022,defense,explosive,South Carolina,0.11239193083573487,694
2022,defense,epa_rush,South Carolina,0.12018597854991099,389
2022,defense,epa_pass,South Carolina,-0.09694208370830187,305
2022,defense,ypp,South Carolina,5.694524495677234,694
2022,defense,comp,South Carolina,0.5517241379310345,290
2022,defense,conv3,South Carolina,0.4166666666666667,132
2022,defense,sack,South Carolina,0.04918032786885246,305
2022,defense,int,South Carolina,0.03793103448275862,290
2022,defense,turnover,South Carolina,0.025936599423631124,694
2022,defense,stuffed,South Carolina,0.11311053984575835,389
2022,defense,stop,South Carolina,0.6451612903225806,124
2022,special_teams,fg,South Carolina,1.0,9
2022,special_teams,ko_cov,South Carolina,1.8113207547169812,53
2022,special_teams,ko_ret,South Carolina,3.723404255319149,47
2022,special_teams,punt,South Carolina,41.088235294117645,34
2022,special_teams,punt_ret,South Carolina,37.71875,32
2022,special_teams,fg_epa,South Carolina,1.0480196343527899,9
2022,special_teams,ko_epa,South Carolina,-0.0934365672885247,53
2022,special_teams,ko_ret_epa,South Carolina,0.2599674057453237,47
2022,special_teams,punt_epa,South Carolina,0.03924876889761757,34
2022,special_teams,punt_ret_epa,South Carolina,0.30053668934851885,32
2022,offense,success,South Florida,0.4521193092621664,637
2022,offense,explosive,South Florida,0.13971742543171115,637
2022,offense,epa_rush,South Florida,0.17695186264702736,349
2022,offense,epa_pass,South Florida,-0.056491075001277674,288
2022,offense,ypp,South Florida,6.323390894819466,637
2022,offense,comp,South Florida,0.5667870036101083,277
2022,offense,conv3,South Florida,0.4094488188976378,127
2022,offense,sack,South Florida,0.03819444444444445,288
2022,offense,int,South Florida,0.02888086642599278,277
2022,offense,turnover,South Florida,0.03296703296703297,637
2022,offense,stuffed,South Florida,0.10315186246418338,349
2022,offense,scoring,South Florida,0.3559322033898305,118
2022,defense,success,South Florida,0.5233236151603499,686
2022,defense,explosive,South Florida,0.16034985422740525,686
2022,defense,epa_rush,South Florida,0.2463946344151305,369
2022,defense,epa_pass,South Florida,0.14911755308128505,317
2022,defense,ypp,South Florida,7.406705539358601,686
2022,defense,comp,South Florida,0.7114754098360656,305
2022,defense,conv3,South Florida,0.48739495798319327,119
2022,defense,sack,South Florida,0.03785488958990536,317
2022,defense,int,South Florida,0.02622950819672131,305
2022,defense,turnover,South Florida,0.027696793002915453,686
2022,defense,stuffed,South Florida,0.18157181571815717,369
2022,defense,stop,South Florida,0.46218487394957986,119
2022,special_teams,fg,South Florida,0.6666666666666666,12
2022,special_teams,ko_cov,South Florida,3.652173913043478,46
2022,special_teams,ko_ret,South Florida,3.1285714285714286,70
2022,special_teams,punt,South Florida,36.15625,32
2022,special_teams,punt_ret,South Florida,36.76470588235294,17
2022,special_teams,fg_epa,South Florida,-0.539663960536321,12
2022,special_teams,ko_epa,South Florida,-0.2181498900703762,46
2022,special_teams,ko_ret_epa,South Florida,0.21807471939495632,70
2022,special_teams,punt_epa,South Florida,-0.48873316729441285,32
2022,special_teams,punt_ret_epa,South Florida,0.41037430570406075,17
2022,offense,success,Southern Mississippi,0.39436619718309857,639
2022,offense,explosive,Southern Mississippi,0.11424100156494522,639
2022,offense,epa_rush,Southern Mississippi,-0.14378552538135198,333
2022,offense,epa_pass,Southern Mississippi,-0.06098705131894397,306
2022,offense,ypp,Southern Mississippi,5.234741784037559,639
2022,offense,comp,Southern Mississippi,0.5503597122302158,278
2022,offense,conv3,Southern Mississippi,0.3591549295774648,142
2022,offense,sack,Southern Mississippi,0.0915032679738562,306
2022,offense,int,Southern Mississippi,0.050359712230215826,278
2022,offense,turnover,Southern Mississippi,0.03599374021909233,639
2022,offense,stuffed,Southern Mississippi,0.21921921921921922,333
2022,offense,scoring,Southern Mississippi,0.2878787878787879,132
2022,defense,success,Southern Mississippi,0.40772532188841204,699
2022,defense,explosive,Southern Mississippi,0.13447782546494993,699
2022,defense,epa_rush,Southern Mississippi,-0.041419244998257804,352
2022,defense,epa_pass,Southern Mississippi,-0.12609992121446195,347
2022,defense,ypp,Southern Mississippi,5.628040057224607,699
2022,defense,comp,Southern Mississippi,0.5862068965517241,319
2022,defense,conv3,Southern Mississippi,0.3741496598639456,147
2022,defense,sack,Southern Mississippi,0.08069164265129683,347
2022,defense,int,Southern Mississippi,0.047021943573667714,319
2022,defense,turnover,Southern Mississippi,0.027181688125894134,699
2022,defense,stuffed,Southern Mississippi,0.17613636363636365,352
2022,defense,stop,Southern Mississippi,0.6861313868613139,137
2022,special_teams,fg,Southern Mississippi,0.9285714285714286,14
2022,special_teams,ko_cov,Southern Mississippi,0.82,50
2022,special_teams,ko_ret,Southern Mississippi,-0.2608695652173913,46
2022,special_teams,punt,Southern Mississippi,39.526315789473685,57
2022,special_teams,punt_ret,Southern Mississippi,34.08510638297872,47
2022,special_teams,fg_epa,Southern Mississippi,0.5160771693502154,14
2022,special_teams,ko_epa,Southern Mississippi,-0.0488901686668396,50
2022,special_teams,ko_ret_epa,Southern Mississippi,-0.05489519497622614,46
2022,special_teams,punt_epa,Southern Mississippi,-0.01522903314285111,57
2022,special_teams,punt_ret_epa,Southern Mississippi,0.5186531277413063,47
2022,offense,success,Stanford,0.4363905325443787,676
2022,offense,explosive,Stanford,0.10207100591715976,676
2022,offense,epa_rush,Stanford,-0.044210218129649495,286
2022,offense,epa_pass,Stanford,-0.07142872260220143,390
2022,offense,ypp,Stanford,5.402366863905326,676
2022,offense,comp,Stanford,0.5955056179775281,356
2022,offense,conv3,Stanford,0.37593984962406013,133
2022,offense,sack,Stanford,0.08717948717948718,390
2022,offense,int,Stanford,0.019662921348314606,356
2022,offense,turnover,Stanford,0.03106508875739645,676
2022,offense,stuffed,Stanford,0.1993006993006993,286
2022,offense,scoring,Stanford,0.3114754098360656,122
2022,defense,success,Stanford,0.48348348348348347,666
2022,defense,explosive,Stanford,0.15915915915915915,666
2022,defense,epa_rush,Stanford,0.22644753310989582,349
2022,defense,epa_pass,Stanford,0.019762321908789987,317
2022,defense,ypp,Stanford,6.542042042042042,666
2022,defense,comp,Stanford,0.5824915824915825,297
2022,defense,conv3,Stanford,0.3560606060606061,132
2022,defense,sack,Stanford,0.06309148264984227,317
2022,defense,int,Stanford,0.013468013468013467,297
2022,defense,turnover,Stanford,0.018018018018018018,666
2022,defense,stuffed,Stanford,0.14613180515759314,349
2022,defense,stop,Stanford,0.559322033898305,118
2022,special_teams,fg,Stanford,1.0,14
2022,special_teams,ko_cov,Stanford,0.3333333333333333,48
2022,special_teams,ko_ret,Stanford,0.01694915254237288,59
2022,special_teams,punt,Stanford,38.977777777777774,45
2022,special_teams,punt_ret,Stanford,39.31578947368421,38
2022,special_teams,fg_epa,Stanford,1.5458332470485143,14
2022,special_teams,ko_epa,Stanford,0.017497580498456955,48
2022,special_teams,ko_ret_epa,Stanford,-0.027764479992753367,59
2022,special_teams,punt_epa,Stanford,-0.20721582108073763,45
2022,special_teams,punt_ret_epa,Stanford,0.07364382281115181,38
2022,offense,success,Syracuse,0.4847328244274809,524
2022,offense,explosive,Syracuse,0.12786259541984732,524
2022,offense,epa_rush,Syracuse,-0.007603098454463505,270
2022,offense,epa_pass,Syracuse,-0.08744112758354065,254
2022,offense,ypp,Syracuse,6.00763358778626,524
2022,offense,comp,Syracuse,0.6255506607929515,227
2022,offense,conv3,Syracuse,0.38,100
2022,offense,sack,Syracuse,0.1062992125984252,254
2022,offense,int,Syracuse,0.030837004405286344,227
2022,offense,turnover,Syracuse,0.02099236641221374,524
2022,offense,stuffed,Syracuse,0.17037037037037037,270
2022,offense,scoring,Syracuse,0.411214953271028,107
2022,defense,success,Syracuse,0.4800693240901213,577
2022,defense,explosive,Syracuse,0.10051993067590988,577
2022,defense,epa_rush,Syracuse,0.0533577793727614,336
2022,defense,epa_pass,Syracuse,-0.18227179285848177,241
2022,defense,ypp,Syracuse,4.9393414211438476,577
2022,defense,comp,Syracuse,0.6376146788990825,218
2022,defense,conv3,Syracuse,0.3474576271186441,118
2022,defense,sack,Syracuse,0.0954356846473029,241
2022,defense,int,Syracuse,0.04128440366972477,218
2022,defense,turnover,Syracuse,0.029462738301559793,577
2022,defense,stuffed,Syracuse,0.13392857142857142,336
2022,defense,stop,Syracuse,0.7378640776699029,103
2022,special_teams,fg,Syracuse,0.8823529411764706,17
2022,special_teams,ko_cov,Syracuse,3.9,50
2022,special_teams,ko_ret,Syracuse,6.828571428571428,35
2022,special_teams,punt,Syracuse,35.39393939393939,33
2022,special_teams,punt_ret,Syracuse,38.114285714285714,35
2022,special_teams,fg_epa,Syracuse,0.4707220021416159,17
2022,special_teams,ko_epa,Syracuse,-0.2709576821327209,50
2022,special_teams,ko_ret_epa,Syracuse,0.4579104559762137,35
2022,special_teams,punt_epa,Syracuse,-0.5784941189216845,33
2022,special_teams,punt_ret_epa,Syracuse,0.20254692052091872,35
2022,offense,success,TCU,0.48143236074270557,754
2022,offense,explosive,TCU,0.16047745358090185,754
2022,offense,epa_rush,TCU,0.09183815241520016,395
2022,offense,epa_pass,TCU,0.2199987157769288,359
2022,offense,ypp,TCU,7.165782493368701,754
2022,offense,comp,TCU,0.6636904761904762,336
2022,offense,conv3,TCU,0.4375,144
2022,offense,sack,TCU,0.06406685236768803,359
2022,offense,int,TCU,0.008928571428571428,336
2022,offense,turnover,TCU,0.011936339522546418,754
2022,offense,stuffed,TCU,0.16455696202531644,395
2022,offense,scoring,TCU,0.4855072463768116,138
2022,defense,success,TCU,0.4247104247104247,777
2022,defense,explosive,TCU,0.13127413127413126,777
2022,defense,epa_rush,TCU,-0.0058372358748051585,374
2022,defense,epa_pass,TCU,0.042952292701581345,403
2022,defense,ypp,TCU,5.736164736164736,777
2022,defense,comp,TCU,0.5392670157068062,382
2022,defense,conv3,TCU,0.3719512195121951,164
2022,defense,sack,TCU,0.052109181141439205,403
2022,defense,int,TCU,0.031413612565445025,382
2022,defense,turnover,TCU,0.028314028314028315,777
2022,defense,stuffed,TCU,0.18181818181818182,374
2022,defense,stop,TCU,0.6830985915492958,142
2022,special_teams,fg,TCU,0.8571428571428571,14
2022,special_teams,ko_cov,TCU,4.0,73
2022,special_teams,ko_ret,TCU,6.9818181818181815,55
2022,special_teams,punt,TCU,36.883720930232556,43
2022,special_teams,punt_ret,TCU,37.61363636363637,44
2022,special_teams,fg_epa,TCU,0.5797737496239799,14
2022,special_teams,ko_epa,TCU,-0.2769086589551952,73
2022,special_teams,ko_ret_epa,TCU,0.49447281035509977,55
2022,special_teams,punt_epa,TCU,-0.23336077152296555,43
2022,special_teams,punt_ret_epa,TCU,0.24611971391872925,44
2022,offense,success,Temple,0.39087947882736157,614
2022,offense,explosive,Temple,0.08306188925081433,614
2022,offense,epa_rush,Temple,-0.3137572023277862,267
2022,offense,epa_pass,Temple,0.10498223941764546,347
2022,offense,ypp,Temple,5.550488599348534,614
2022,offense,comp,Temple,0.5847953216374269,342
2022,offense,conv3,Temple,0.3458646616541353,133
2022,offense,sack,Temple,0.01440922190201729,347
2022,offense,int,Temple,0.02046783625730994,342
2022,offense,turnover,Temple,0.03257328990228013,614
2022,offense,stuffed,Temple,0.20599250936329588,267
2022,offense,scoring,Temple,0.2831858407079646,113
2022,defense,success,Temple,0.45840130505709625,613
2022,defense,explosive,Temple,0.12398042414355628,613
2022,defense,epa_rush,Temple,0.0565327468432993,330
2022,defense,epa_pass,Temple,-0.07124972864927684,283
2022,defense,ypp,Temple,6.112561174551387,613
2022,defense,comp,Temple,0.649402390438247,251
2022,defense,conv3,Temple,0.371900826446281,121
2022,defense,sack,Temple,0.11307420494699646,283
2022,defense,int,Temple,0.02390438247011952,251
2022,defense,turnover,Temple,0.024469820554649267,613
2022,defense,stuffed,Temple,0.16363636363636364,330
2022,defense,stop,Temple,0.6517857142857143,112
2022,special_teams,fg,Temple,0.75,12
2022,special_teams,ko_cov,Temple,2.72972972972973,37
2022,special_teams,ko_ret,Temple,1.46,50
2022,special_teams,punt,Temple,41.0,38
2022,special_teams,punt_ret,Temple,37.588235294117645,34
2022,special_teams,fg_epa,Temple,-0.010408937931060791,12
2022,special_teams,ko_epa,Temple,-0.18681224616798195,37
2022,special_teams,ko_ret_epa,Temple,0.05556638479232788,50
2022,special_teams,punt_epa,Temple,-0.19982797221133583,38
2022,special_teams,punt_ret_epa,Temple,0.21997495828305974,34
2022,offense,success,Tennessee,0.5641711229946524,748
2022,offense,explosive,Tennessee,0.14171122994652408,748
2022,offense,epa_rush,Tennessee,0.11025360836501046,403
2022,offense,epa_pass,Tennessee,0.35992470229666224,345
2022,offense,ypp,Tennessee,7.351604278074866,748
2022,offense,comp,Tennessee,0.7142857142857143,322
2022,offense,conv3,Tennessee,0.48507462686567165,134
2022,offense,sack,Tennessee,0.06666666666666667,345
2022,offense,int,Tennessee,0.009316770186335404,322
2022,offense,turnover,Tennessee,0.01871657754010695,748
2022,offense,stuffed,Tennessee,0.12655086848635236,403
2022,offense,scoring,Tennessee,0.5905511811023622,127
2022,defense,success,Tennessee,0.4349593495934959,738
2022,defense,explosive,Tennessee,0.10298102981029811,738
2022,defense,epa_rush,Tennessee,-0.17320389320371035,308
2022,defense,epa_pass,Tennessee,0.11541143280658608,430
2022,defense,ypp,Tennessee,5.600271002710027,738
2022,defense,comp,Tennessee,0.6216216216216216,407
2022,defense,conv3,Tennessee,0.35664335664335667,143
2022,defense,sack,Tennessee,0.053488372093023255,430
2022,defense,int,Tennessee,0.022113022113022112,407
2022,defense,turnover,Tennessee,0.02710027100271003,738
2022,defense,stuffed,Tennessee,0.23376623376623376,308
2022,defense,stop,Tennessee,0.6984126984126984,126
2022,special_teams,fg,Tennessee,0.7777777777777778,18
2022,special_teams,ko_cov,Tennessee,0.9324324324324325,74
2022,special_teams,ko_ret,Tennessee,0.8409090909090909,44
2022,special_teams,punt,Tennessee,36.21739130434783,23
2022,special_teams,punt_ret,Tennessee,37.21951219512195,41
2022,special_teams,fg_epa,Tennessee,0.2659247186448839,18
2022,special_teams,ko_epa,Tennessee,-0.04808354297199765,74
2022,special_teams,ko_ret_epa,Tennessee,0.040322791446339,44
2022,special_teams,punt_epa,Tennessee,-0.31722563116446784,23
2022,special_teams,punt_ret_epa,Tennessee,0.28913181802121607,41
2022,offense,success,Texas,0.49834983498349833,606
2022,offense,explosive,Texas,0.14521452145214522,606
2022,offense,epa_rush,Texas,-0.008821273965842934,298
2022,offense,epa_pass,Texas,0.07667204933299751,308
2022,offense,ypp,Texas,6.531353135313531,606
2022,offense,comp,Texas,0.5945945945945946,296
2022,offense,conv3,Texas,0.4051724137931034,116
2022,offense,sack,Texas,0.03896103896103896,308
2022,offense,int,Texas,0.02364864864864865,296
2022,offense,turnover,Texas,0.018151815181518153,606
2022,offense,stuffed,Texas,0.17785234899328858,298
2022,offense,scoring,Texas,0.42342342342342343,111
2022,defense,success,Texas,0.4260089686098655,669
2022,defense,explosive,Texas,0.10164424514200299,669
2022,defense,epa_rush,Texas,-0.07384237656933454,305
2022,defense,epa_pass,Texas,0.011045858217600853,364
2022,defense,ypp,Texas,5.273542600896861,669
2022,defense,comp,Texas,0.6491228070175439,342
2022,defense,conv3,Texas,0.41216216216216217,148
2022,defense,sack,Texas,0.06043956043956044,364
2022,defense,int,Texas,0.017543859649122806,342
2022,defense,turnover,Texas,0.02092675635276532,669
2022,defense,stuffed,Texas,0.15081967213114755,305
2022,defense,stop,Texas,0.6964285714285714,112
2022,special_teams,fg,Texas,0.7368421052631579,19
2022,special_teams,ko_cov,Texas,-2.245614035087719,57
2022,special_teams,ko_ret,Texas,2.642857142857143,42
2022,special_teams,punt,Texas,39.82857142857143,35
2022,special_teams,punt_ret,Texas,36.416666666666664,48
2022,special_teams,fg_epa,Texas,-0.06646510801817242,19
2022,special_teams,ko_epa,Texas,0.2126776366903071,57
2022,special_teams,ko_ret_epa,Texas,0.20091352150553748,42
2022,special_teams,punt_epa,Texas,-0.016520517213003977,35
2022,special_teams,punt_ret_epa,Texas,0.34485508874058723,48
2022,offense,success,Texas A&M,0.4341534008683068,691
2022,offense,explosive,Texas A&M,0.1287988422575977,691
2022,offense,epa_rush,Texas A&M,0.014733526299604692,292
2022,offense,epa_pass,Texas A&M,-0.14581165722877726,399
2022,offense,ypp,Texas A&M,5.926193921852388,691
2022,offense,comp,Texas A&M,0.5561497326203209,374
2022,offense,conv3,Texas A&M,0.3357664233576642,137
2022,offense,sack,Texas A&M,0.06265664160401002,399
2022,offense,int,Texas A&M,0.01871657754010695,374
2022,offense,turnover,Texas A&M,0.030390738060781478,691
2022,offense,stuffed,Texas A&M,0.2054794520547945,292
2022,offense,scoring,Texas A&M,0.29411764705882354,136
2022,defense,success,Texas A&M,0.4144144144144144,777
2022,defense,explosive,Texas A&M,0.1377091377091377,777
2022,defense,epa_rush,Texas A&M,-0.006666104731307403,468
2022,defense,epa_pass,Texas A&M,-0.12861768560371073,309
2022,defense,ypp,Texas A&M,5.22007722007722,777
2022,defense,comp,Texas A&M,0.5532646048109966,291
2022,defense,conv3,Texas A&M,0.36419753086419754,162
2022,defense,sack,Texas A&M,0.05825242718446602,309
2022,defense,int,Texas A&M,0.013745704467353952,291
2022,defense,turnover,Texas A&M,0.021879021879021878,777
2022,defense,stuffed,Texas A&M,0.19230769230769232,468
2022,defense,stop,Texas A&M,0.7299270072992701,137
2022,special_teams,fg,Texas A&M,0.6842105263157895,19
2022,special_teams,ko_cov,Texas A&M,2.0833333333333335,48
2022,special_teams,ko_ret,Texas A&M,1.2040816326530612,49
2022,special_teams,punt,Texas A&M,40.72222222222222,54
2022,special_teams,punt_ret,Texas A&M,38.23076923076923,52
2022,special_teams,fg_epa,Texas A&M,-0.25918227120449666,19
2022,special_teams,ko_epa,Texas A&M,-0.1277139000594616,48
2022,special_teams,ko_ret_epa,Texas A&M,0.08254745541786661,49
2022,special_teams,punt_epa,Texas A&M,-0.018287730713685352,54
2022,special_teams,punt_ret_epa,Texas A&M,0.1730193401185366,52
2022,offense,success,Texas State,0.4208754208754209,594
2022,offense,explosive,Texas State,0.08080808080808081,594
2022,offense,epa_rush,Texas State,-0.050969170278913296,257
2022,offense,epa_pass,Texas State,-0.11487671589560482,337
2022,offense,ypp,Texas State,5.075757575757576,594
2022,offense,comp,Texas State,0.6199376947040498,321
2022,offense,conv3,Texas State,0.3643410852713178,129
2022,offense,sack,Texas State,0.04747774480712166,337
2022,offense,int,Texas State,0.021806853582554516,321
2022,offense,turnover,Texas State,0.018518518518518517,594
2022,offense,stuffed,Texas State,0.13229571984435798,257
2022,offense,scoring,Texas State,0.2956521739130435,115
2022,defense,success,Texas State,0.4410828025477707,628
2022,defense,explosive,Texas State,0.09554140127388536,628
2022,defense,epa_rush,Texas State,-0.15735952846718737,281
2022,defense,epa_pass,Texas State,0.00539356238178238,347
2022,defense,ypp,Texas State,5.718152866242038,628
2022,defense,comp,Texas State,0.6481481481481481,324
2022,defense,conv3,Texas State,0.3805970149253731,134
2022,defense,sack,Texas State,0.06628242074927954,347
2022,defense,int,Texas State,0.030864197530864196,324
2022,defense,turnover,Texas State,0.03821656050955414,628
2022,defense,stuffed,Texas State,0.099644128113879,281
2022,defense,stop,Texas State,0.7033898305084746,118
2022,special_teams,fg,Texas State,0.8333333333333334,12
2022,special_teams,ko_cov,Texas State,2.0952380952380953,42
2022,special_teams,ko_ret,Texas State,1.5,42
2022,special_teams,punt,Texas State,39.03921568627451,51
2022,special_teams,punt_ret,Texas State,38.808510638297875,47
2022,special_teams,fg_epa,Texas State,0.4213649233182271,12
2022,special_teams,ko_epa,Texas State,-0.13190851183164687,42
2022,special_teams,ko_ret_epa,Texas State,0.11075075893175035,42
2022,special_teams,punt_epa,Texas State,-0.24241818122419656,51
2022,special_teams,punt_ret_epa,Texas State,0.1319844719577343,47
2022,offense,success,Texas Tech,0.44588235294117645,850
2022,offense,explosive,Texas Tech,0.11529411764705882,850
2022,offense,epa_rush,Texas Tech,0.12300753794757328,359
2022,offense,epa_pass,Texas Tech,-0.08543001054014086,491
2022,offense,ypp,Texas Tech,5.752941176470588,850
2022,offense,comp,Texas Tech,0.612691466083151,457
2022,offense,conv3,Texas Tech,0.3878787878787879,165
2022,offense,sack,Texas Tech,0.06924643584521385,491
2022,offense,int,Texas Tech,0.03282275711159737,457
2022,offense,turnover,Texas Tech,0.029411764705882353,850
2022,offense,stuffed,Texas Tech,0.15877437325905291,359
2022,offense,scoring,Texas Tech,0.4172661870503597,139
2022,defense,success,Texas Tech,0.41354466858789624,694
2022,defense,explosive,Texas Tech,0.1340057636887608,694
2022,defense,epa_rush,Texas Tech,0.007431228437857439,361
2022,defense,epa_pass,Texas Tech,-0.055693285522633154,333
2022,defense,ypp,Texas Tech,5.752161383285302,694
2022,defense,comp,Texas Tech,0.5663430420711975,309
2022,defense,conv3,Texas Tech,0.38,150
2022,defense,sack,Texas Tech,0.07207207207207207,333
2022,defense,int,Texas Tech,0.025889967637540454,309
2022,defense,turnover,Texas Tech,0.023054755043227664,694
2022,defense,stuffed,Texas Tech,0.18005540166204986,361
2022,defense,stop,Texas Tech,0.631578947368421,133
2022,special_teams,fg,Texas Tech,0.7894736842105263,19
2022,special_teams,ko_cov,Texas Tech,3.016949152542373,59
2022,special_teams,ko_ret,Texas Tech,1.3448275862068966,58
2022,special_teams,punt,Texas Tech,40.29032258064516,31
2022,special_teams,punt_ret,Texas Tech,37.30232558139535,43
2022,special_teams,fg_epa,Texas Tech,0.2653365448901528,19
2022,special_teams,ko_epa,Texas Tech,-0.18965419773328102,59
2022,special_teams,ko_ret_epa,Texas Tech,0.05659513021337575,58
2022,special_teams,punt_epa,Texas Tech,-0.04877351272490717,31
2022,special_teams,punt_ret_epa,Texas Tech,0.36381746031517204,43
2022,offense,success,Toledo,0.46511627906976744,688
2022,offense,explosive,Toledo,0.14098837209302326,688
2022,offense,epa_rush,Toledo,0.02415441441704852,380
2022,offense,epa_pass,Toledo,0.08733019752335931,308
2022,offense,ypp,Toledo,5.949127906976744,688
2022,offense,comp,Toledo,0.5827586206896552,290
2022,offense,conv3,Toledo,0.39568345323741005,139
2022,offense,sack,Toledo,0.05844155844155844,308
2022,offense,int,Toledo,0.03103448275862069,290
2022,offense,turnover,Toledo,0.024709302325581394,688
2022,offense,stuffed,Toledo,0.1763157894736842,380
2022,offense,scoring,Toledo,0.41605839416058393,137
2022,defense,success,Toledo,0.4073550212164074,707
2022,defense,explosive,Toledo,0.11456859971711457,707
2022,defense,epa_rush,Toledo,-0.001112698759789967,370
2022,defense,epa_pass,Toledo,-0.04350160360041591,337
2022,defense,ypp,Toledo,5.233380480905233,707
2022,defense,comp,Toledo,0.555205047318612,317
2022,defense,conv3,Toledo,0.3902439024390244,164
2022,defense,sack,Toledo,0.05934718100890208,337
2022,defense,int,Toledo,0.031545741324921134,317
2022,defense,turnover,Toledo,0.024045261669024046,707
2022,defense,stuffed,Toledo,0.12162162162162163,370
2022,defense,stop,Toledo,0.7037037037037037,135
2022,special_teams,fg,Toledo,0.7142857142857143,14
2022,special_teams,ko_cov,Toledo,3.107142857142857,56
2022,special_teams,ko_ret,Toledo,4.857142857142857,49
2022,special_teams,punt,Toledo,37.24390243902439,41
2022,special_teams,punt_ret,Toledo,32.867924528301884,53
2022,special_teams,fg_epa,Toledo,-0.04913172551563808,14
2022,special_teams,ko_epa,Toledo,-0.22572930795805796,56
2022,special_teams,ko_ret_epa,Toledo,0.3106301974277107,49
2022,special_teams,punt_epa,Toledo,-0.34299240461209923,41
2022,special_teams,punt_ret_epa,Toledo,0.6152453880827382,53
2022,offense,success,Troy,0.4372163388804841,661
2022,offense,explosive,Troy,0.1059001512859304,661
2022,offense,epa_rush,Troy,-0.09068041322144255,289
2022,offense,epa_pass,Troy,-0.0001526950212054068,372
2022,offense,ypp,Troy,5.662632375189108,661
2022,offense,comp,Troy,0.6304985337243402,341
2022,offense,conv3,Troy,0.3282442748091603,131
2022,offense,sack,Troy,0.08333333333333333,372
2022,offense,int,Troy,0.03519061583577713,341
2022,offense,turnover,Troy,0.024205748865355523,661
2022,offense,stuffed,Troy,0.1522491349480969,289
2022,offense,scoring,Troy,0.3130434782608696,115
2022,defense,success,Troy,0.4497878359264498,707
2022,defense,explosive,Troy,0.08628005657708628,707
2022,defense,epa_rush,Troy,-0.0589099215882578,345
2022,defense,epa_pass,Troy,-0.06912161741938833,362
2022,defense,ypp,Troy,4.905233380480905,707
2022,defense,comp,Troy,0.6142433234421365,337
2022,defense,conv3,Troy,0.4394904458598726,157
2022,defense,sack,Troy,0.06906077348066299,362
2022,defense,int,Troy,0.020771513353115726,337
2022,defense,turnover,Troy,0.02263083451202263,707
2022,defense,stuffed,Troy,0.17101449275362318,345
2022,defense,stop,Troy,0.7652173913043478,115
2022,special_teams,fg,Troy,0.8571428571428571,14
2022,special_teams,ko_cov,Troy,0.18421052631578946,38
2022,special_teams,ko_ret,Troy,1.303030303030303,33
2022,special_teams,punt,Troy,40.19512195121951,41
2022,special_teams,punt_ret,Troy,40.745098039215684,51
2022,special_teams,fg_epa,Troy,0.3948750836508615,14
2022,special_teams,ko_epa,Troy,-0.007078442134355244,38
2022,special_teams,ko_ret_epa,Troy,0.0855491974137046,33
2022,special_teams,punt_epa,Troy,-0.0591606748540227,41
2022,special_teams,punt_ret_epa,Troy,-0.012444238452350391,51
2022,offense,success,Tulane,0.5,692
2022,offense,explosive,Tulane,0.1430635838150289,692
2022,offense,epa_rush,Tulane,0.04787416848927851,382
2022,offense,epa_pass,Tulane,0.0842631265576895,310
2022,offense,ypp,Tulane,6.338150289017341,692
2022,offense,comp,Tulane,0.6550522648083623,287
2022,offense,conv3,Tulane,0.41353383458646614,133
2022,offense,sack,Tulane,0.07419354838709677,310
2022,offense,int,Tulane,0.017421602787456445,287
2022,offense,turnover,Tulane,0.015895953757225433,692
2022,offense,stuffed,Tulane,0.14921465968586387,382
2022,offense,scoring,Tulane,0.44166666666666665,120
2022,defense,success,Tulane,0.45821325648414984,694
2022,defense,explosive,Tulane,0.08213256484149856,694
2022,defense,epa_rush,Tulane,0.04144404650950319,352
2022,defense,epa_pass,Tulane,0.021230508202008887,342
2022,defense,ypp,Tulane,5.207492795389049,694
2022,defense,comp,Tulane,0.617737003058104,327
2022,defense,conv3,Tulane,0.34868421052631576,152
2022,defense,sack,Tulane,0.043859649122807015,342
2022,defense,int,Tulane,0.024464831804281346,327
2022,defense,turnover,Tulane,0.025936599423631124,694
2022,defense,stuffed,Tulane,0.14488636363636365,352
2022,defense,stop,Tulane,0.7213114754098361,122
2022,special_teams,fg,Tulane,0.7142857142857143,14
2022,special_teams,ko_cov,Tulane,0.05660377358490566,53
2022,special_teams,ko_ret,Tulane,4.666666666666667,39
2022,special_teams,punt,Tulane,37.23529411764706,34
2022,special_teams,punt_ret,Tulane,36.80952380952381,42
2022,special_teams,fg_epa,Tulane,-0.5128860218184335,14
2022,special_teams,ko_epa,Tulane,0.007439616716132974,53
2022,special_teams,ko_ret_epa,Tulane,0.3501013547946245,39
2022,special_teams,punt_epa,Tulane,-0.271678205798654,34
2022,special_teams,punt_ret_epa,Tulane,0.40700540798051016,42
2022,offense,success,Tulsa,0.48429319371727747,764
2022,offense,explosive,Tulsa,0.12958115183246074,764
2022,offense,epa_rush,Tulsa,0.088070637440636,353
2022,offense,epa_pass,Tulsa,0.07877467545406529,411
2022,offense,ypp,Tulsa,6.267015706806283,764
2022,offense,comp,Tulsa,0.5795148247978437,371
2022,offense,conv3,Tulsa,0.43137254901960786,153
2022,offense,sack,Tulsa,0.09732360097323602,411
2022,offense,int,Tulsa,0.026954177897574125,371
2022,offense,turnover,Tulsa,0.02617801047120419,764
2022,offense,stuffed,Tulsa,0.1388101983002833,353
2022,offense,scoring,Tulsa,0.3972602739726027,146
2022,defense,success,Tulsa,0.4318766066838046,778
2022,defense,explosive,Tulsa,0.13496143958868895,778
2022,defense,epa_rush,Tulsa,0.028549480363245817,470
2022,defense,epa_pass,Tulsa,0.048148657749915606,308
2022,defense,ypp,Tulsa,5.902313624678663,778
2022,defense,comp,Tulsa,0.5816326530612245,294
2022,defense,conv3,Tulsa,0.378698224852071,169
2022,defense,sack,Tulsa,0.045454545454545456,308
2022,defense,int,Tulsa,0.02040816326530612,294
2022,defense,turnover,Tulsa,0.02570694087403599,778
2022,defense,stuffed,Tulsa,0.12978723404255318,470
2022,defense,stop,Tulsa,0.6028368794326241,141
2022,special_teams,fg,Tulsa,0.7777777777777778,18
2022,special_teams,ko_cov,Tulsa,4.703125,64
2022,special_teams,ko_ret,Tulsa,1.121212121212121,66
2022,special_teams,punt,Tulsa,39.92,50
2022,special_teams,punt_ret,Tulsa,41.04,50
2022,special_teams,fg_epa,Tulsa,-0.05444141891267565,18
2022,special_teams,ko_epa,Tulsa,-0.335549671202898,64
2022,special_teams,ko_ret_epa,Tulsa,0.04408428705099857,66
2022,special_teams,punt_epa,Tulsa,0.04142194718122482,50
2022,special_teams,punt_ret_epa,Tulsa,0.15008497923612596,50
2022,offense,success,UAB,0.4982638888888889,576
2022,offense,explosive,UAB,0.1597222222222222,576
2022,offense,epa_rush,UAB,0.1468488658093586,357
2022,offense,epa_pass,UAB,0.23009332850199443,219
2022,offense,ypp,UAB,7.260416666666667,576
2022,offense,comp,UAB,0.6519607843137255,204
2022,offense,conv3,UAB,0.4818181818181818,110
2022,offense,sack,UAB,0.0684931506849315,219
2022,offense,int,UAB,0.024509803921568627,204
2022,offense,turnover,UAB,0.024305555555555556,576
2022,offense,stuffed,UAB,0.13725490196078433,357
2022,offense,scoring,UAB,0.4563106796116505,103
2022,defense,success,UAB,0.4451718494271686,611
2022,defense,explosive,UAB,0.09983633387888707,611
2022,defense,epa_rush,UAB,0.06416597439648208,308
2022,defense,epa_pass,UAB,-0.13454011382958525,303
2022,defense,ypp,UAB,5.263502454991817,611
2022,defense,comp,UAB,0.5473684210526316,285
2022,defense,conv3,UAB,0.40298507462686567,134
2022,defense,sack,UAB,0.0594059405940594,303
2022,defense,int,UAB,0.03508771929824561,285
2022,defense,turnover,UAB,0.027823240589198037,611
2022,defense,stuffed,UAB,0.12012987012987013,308
2022,defense,stop,UAB,0.75,104
2022,special_teams,fg,UAB,0.7142857142857143,14
2022,special_teams,ko_cov,UAB,2.3207547169811322,53
2022,special_teams,ko_ret,UAB,2.967741935483871,31
2022,special_teams,punt,UAB,33.421052631578945,19
2022,special_teams,punt_ret,UAB,39.84375,32
2022,special_teams,fg_epa,UAB,-0.2242134383746556,14
2022,special_teams,ko_epa,UAB,-0.17387046791472524,53
2022,special_teams,ko_ret_epa,UAB,0.18465973100354593,31
2022,special_teams,punt_epa,UAB,-0.550629951451954,19
2022,special_teams,punt_ret_epa,UAB,0.05651095928624272,32
2022,offense,success,UCF,0.5176630434782609,736
2022,offense,explosive,UCF,0.13451086956521738,736
2022,offense,epa_rush,UCF,0.14105763503184793,409
2022,offense,epa_pass,UCF,0.034966654417212355,327
2022,offense,ypp,UCF,6.447010869565218,736
2022,offense,comp,UCF,0.6568627450980392,306
2022,offense,conv3,UCF,0.4794520547945205,146
2022,offense,sack,UCF,0.06422018348623854,327
2022,offense,int,UCF,0.026143790849673203,306
2022,offense,turnover,UCF,0.020380434782608696,736
2022,offense,stuffed,UCF,0.14180929095354522,409
2022,offense,scoring,UCF,0.4358974358974359,117
2022,defense,success,UCF,0.436046511627907,688
2022,defense,explosive,UCF,0.11627906976744186,688
2022,defense,epa_rush,UCF,-0.06733040176286682,323
2022,defense,epa_pass,UCF,0.032984763813452625,365
2022,defense,ypp,UCF,5.6351744186046515,688
2022,defense,comp,UCF,0.5959885386819485,349
2022,defense,conv3,UCF,0.3958333333333333,144
2022,defense,sack,UCF,0.043835616438356165,365
2022,defense,int,UCF,0.008595988538681949,349
2022,defense,turnover,UCF,0.0188953488372093,688
2022,defense,stuffed,UCF,0.20743034055727555,323
2022,defense,stop,UCF,0.6810344827586207,116
2022,special_teams,fg,UCF,0.9285714285714286,14
2022,special_teams,ko_cov,UCF,4.981132075471698,53
2022,special_teams,ko_ret,UCF,1.2380952380952381,42
2022,special_teams,punt,UCF,37.705882352941174,34
2022,special_teams,punt_ret,UCF,35.44736842105263,38
2022,special_teams,fg_epa,UCF,0.5201905710356576,14
2022,special_teams,ko_epa,UCF,-0.3166234020916921,53
2022,special_teams,ko_ret_epa,UCF,0.06353602097147987,42
2022,special_teams,punt_epa,UCF,-0.22439126275918064,34
2022,special_teams,punt_ret_epa,UCF,0.5032841531853927,38
2022,offense,success,UCLA,0.5569620253164557,711
2022,offense,explosive,UCLA,0.16877637130801687,711
2022,offense,epa_rush,UCLA,0.15757792707216678,371
2022,offense,epa_pass,UCLA,0.2659629394793478,340
2022,offense,ypp,UCLA,7.390998593530239,711
2022,offense,comp,UCLA,0.7085889570552147,326
2022,offense,conv3,UCLA,0.5234375,128
2022,offense,sack,UCLA,0.041176470588235294,340
2022,offense,int,UCLA,0.018404907975460124,326
2022,offense,turnover,UCLA,0.02109704641350211,711
2022,offense,stuffed,UCLA,0.11859838274932614,371
2022,offense,scoring,UCLA,0.5663716814159292,113
2022,defense,success,UCLA,0.48735955056179775,712
2022,defense,explosive,UCLA,0.11095505617977527,712
2022,defense,epa_rush,UCLA,0.02578285863588952,318
2022,defense,epa_pass,UCLA,0.11374699333526479,394
2022,defense,ypp,UCLA,5.518258426966292,712
2022,defense,comp,UCLA,0.6585365853658537,369
2022,defense,conv3,UCLA,0.4068965517241379,145
2022,defense,sack,UCLA,0.06345177664974619,394
2022,defense,int,UCLA,0.02710027100271003,369
2022,defense,turnover,UCLA,0.025280898876404494,712
2022,defense,stuffed,UCLA,0.16666666666666666,318
2022,defense,stop,UCLA,0.6181818181818182,110
2022,special_teams,fg,UCLA,0.7058823529411765,17
2022,special_teams,ko_cov,UCLA,1.5625,64
2022,special_teams,ko_ret,UCLA,3.981132075471698,53
2022,special_teams,punt,UCLA,41.13333333333333,15
2022,special_teams,punt_ret,UCLA,37.36363636363637,33
2022,special_teams,fg_epa,UCLA,-0.22138849426718318,17
2022,special_teams,ko_epa,UCLA,-0.10173443797975779,64
2022,special_teams,ko_ret_epa,UCLA,0.25997670416562063,53
2022,special_teams,punt_epa,UCLA,-0.09205329418182373,15
2022,special_teams,punt_ret_epa,UCLA,0.23845193309314322,33
2022,offense,success,UMass,0.36,675
2022,offense,explosive,UMass,0.08888888888888889,675
2022,offense,epa_rush,UMass,-0.11179923600798453,414
2022,offense,epa_pass,UMass,-0.2815029434150888,261
2022,offense,ypp,UMass,4.494814814814815,675
2022,offense,comp,UMass,0.49586776859504134,242
2022,offense,conv3,UMass,0.3128834355828221,163
2022,offense,sack,UMass,0.07279693486590039,261
2022,offense,int,UMass,0.0371900826446281,242
2022,offense,turnover,UMass,0.02962962962962963,675
2022,offense,stuffed,UMass,0.15458937198067632,414
2022,offense,scoring,UMass,0.19047619047619047,126
2022,defense,success,UMass,0.41423948220064727,618
2022,defense,explosive,UMass,0.15210355987055016,618
2022,defense,epa_rush,UMass,0.039113755362785566,356
2022,defense,epa_pass,UMass,-0.18187631004424337,262
2022,defense,ypp,UMass,6.412621359223301,618
2022,defense,comp,UMass,0.5349794238683128,243
2022,defense,conv3,UMass,0.29508196721311475,122
2022,defense,sack,UMass,0.07251908396946564,262
2022,defense,int,UMass,0.02880658436213992,243
2022,defense,turnover,UMass,0.025889967637540454,618
2022,defense,stuffed,UMass,0.21348314606741572,356
2022,defense,stop,UMass,0.6412213740458015,131
2022,special_teams,fg,UMass,0.7058823529411765,17
2022,special_teams,ko_cov,UMass,4.914285714285715,35
2022,special_teams,ko_ret,UMass,1.0217391304347827,46
2022,special_teams,punt,UMass,32.2037037037037,54
2022,special_teams,punt_ret,UMass,36.583333333333336,36
2022,special_teams,fg_epa,UMass,-0.34563030916101795,17
2022,special_teams,ko_epa,UMass,-0.3066030417169843,35
2022,special_teams,ko_ret_epa,UMass,0.07103913763295049,46
2022,special_teams,punt_epa,UMass,-0.6937721829723429,54
2022,special_teams,punt_ret_epa,UMass,0.3493139346440633,36
2022,offense,success,UNLV,0.44842105263157894,475
2022,offense,explosive,UNLV,0.11157894736842106,475
2022,offense,epa_rush,UNLV,0.14419456023020746,232
2022,offense,epa_pass,UNLV,-0.21369883583155122,243
2022,offense,ypp,UNLV,5.6421052631578945,475
2022,offense,comp,UNLV,0.6238938053097345,226
2022,offense,conv3,UNLV,0.3684210526315789,95
2022,offense,sack,UNLV,0.06995884773662552,243
2022,offense,int,UNLV,0.022123893805309734,226
2022,offense,turnover,UNLV,0.02736842105263158,475
2022,offense,stuffed,UNLV,0.13793103448275862,232
2022,offense,scoring,UNLV,0.3146067415730337,89
2022,defense,success,UNLV,0.5185909980430529,511
2022,defense,explosive,UNLV,0.13111545988258316,511
2022,defense,epa_rush,UNLV,0.08556365681971032,275
2022,defense,epa_pass,UNLV,-0.06536966686515394,236
2022,defense,ypp,UNLV,5.986301369863014,511
2022,defense,comp,UNLV,0.6164383561643836,219
2022,defense,conv3,UNLV,0.4,95
2022,defense,sack,UNLV,0.07203389830508475,236
2022,defense,int,UNLV,0.0410958904109589,219
2022,defense,turnover,UNLV,0.025440313111545987,511
2022,defense,stuffed,UNLV,0.10545454545454545,275
2022,defense,stop,UNLV,0.5531914893617021,94
2022,special_teams,fg,UNLV,1.0,9
2022,special_teams,ko_cov,UNLV,12.064516129032258,31
2022,special_teams,ko_ret,UNLV,8.146341463414634,41
2022,special_teams,punt,UNLV,34.189189189189186,37
2022,special_teams,punt_ret,UNLV,37.166666666666664,24
2022,special_teams,fg_epa,UNLV,1.41975736618042,9
2022,special_teams,ko_epa,UNLV,-0.8039520575154212,31
2022,special_teams,ko_ret_epa,UNLV,0.5228073262586826,41
2022,special_teams,punt_epa,UNLV,-0.5181845760828739,37
2022,special_teams,punt_ret_epa,UNLV,0.279856671889623,24
2022,offense,success,USC,0.5675675675675675,703
2022,offense,explosive,USC,0.17496443812233287,703
2022,offense,epa_rush,USC,0.22813158235594178,323
2022,offense,epa_pass,USC,0.314545761998082,380
2022,offense,ypp,USC,7.186344238975818,703
2022,offense,comp,USC,0.643646408839779,362
2022,offense,conv3,USC,0.5702479338842975,121
2022,offense,sack,USC,0.04736842105263158,380
2022,offense,int,USC,0.0027624309392265192,362
2022,offense,turnover,USC,0.00995732574679943,703
2022,offense,stuffed,USC,0.1393188854489164,323
2022,offense,scoring,USC,0.5833333333333334,108
2022,defense,success,USC,0.49321266968325794,663
2022,defense,explosive,USC,0.1282051282051282,663
2022,defense,epa_rush,USC,0.19866023701618737,283
2022,defense,epa_pass,USC,-0.031244265148914978,380
2022,defense,ypp,USC,6.410256410256411,663
2022,defense,comp,USC,0.6264367816091954,348
2022,defense,conv3,USC,0.4393939393939394,132
2022,defense,sack,USC,0.08421052631578947,380
2022,defense,int,USC,0.04885057471264368,348
2022,defense,turnover,USC,0.030165912518853696,663
2022,defense,stuffed,USC,0.17314487632508835,283
2022,defense,stop,USC,0.6576576576576577,111
2022,special_teams,fg,USC,0.6666666666666666,15
2022,special_teams,ko_cov,USC,1.434782608695652,69
2022,special_teams,ko_ret,USC,3.5,48
2022,special_teams,punt,USC,35.74074074074074,27
2022,special_teams,punt_ret,USC,37.91428571428571,35
2022,special_teams,fg_epa,USC,-0.2945273399353027,15
2022,special_teams,ko_epa,USC,-0.0796825773474099,69
2022,special_teams,ko_ret_epa,USC,0.20411318416396776,48
2022,special_teams,punt_epa,USC,-0.16287669429072626,27
2022,special_teams,punt_ret_epa,USC,0.22573380598000117,35
2022,offense,success,UT San Antonio,0.5186206896551724,725
2022,offense,explosive,UT San Antonio,0.1406896551724138,725
2022,offense,epa_rush,UT San Antonio,0.11524631462969996,358
2022,offense,epa_pass,UT San Antonio,0.1779075396907139,367
2022,offense,ypp,UT San Antonio,6.70896551724138,725
2022,offense,comp,UT San Antonio,0.6761363636363636,352
2022,offense,conv3,UT San Antonio,0.5,132
2022,offense,sack,UT San Antonio,0.04087193460490463,367
2022,offense,int,UT San Antonio,0.019886363636363636,352
2022,offense,turnover,UT San Antonio,0.020689655172413793,725
2022,offense,stuffed,UT San Antonio,0.10893854748603352,358
2022,offense,scoring,UT San Antonio,0.4715447154471545,123
2022,defense,success,UT San Antonio,0.39714285714285713,700
2022,defense,explosive,UT San Antonio,0.10142857142857142,700
2022,defense,epa_rush,UT San Antonio,-0.03423874490574682,316
2022,defense,epa_pass,UT San Antonio,0.056461337987286773,384
2022,defense,ypp,UT San Antonio,5.844285714285714,700
2022,defense,comp,UT San Antonio,0.5901639344262295,366
2022,defense,conv3,UT San Antonio,0.38125,160
2022,defense,sack,UT San Antonio,0.046875,384
2022,defense,int,UT San Antonio,0.02459016393442623,366
2022,defense,turnover,UT San Antonio,0.032857142857142856,700
2022,defense,stuffed,UT San Antonio,0.12025316455696203,316
2022,defense,stop,UT San Antonio,0.6833333333333333,120
2022,special_teams,fg,UT San Antonio,0.7777777777777778,18
2022,special_teams,ko_cov,UT San Antonio,2.721311475409836,61
2022,special_teams,ko_ret,UT San Antonio,6.125,40
2022,special_teams,punt,UT San Antonio,41.833333333333336,24
2022,special_teams,punt_ret,UT San Antonio,35.390243902439025,41
2022,special_teams,fg_epa,UT San Antonio,0.14245718055301243,18
2022,special_teams,ko_epa,UT San Antonio,-0.19011336467305168,61
2022,special_teams,ko_ret_epa,UT San Antonio,0.3924817323684692,40
2022,special_teams,punt_epa,UT San Antonio,-0.08826949447393417,24
2022,special_teams,punt_ret_epa,UT San Antonio,0.3782014425207929,41
2022,offense,success,UTEP,0.44525547445255476,685
2022,offense,explosive,UTEP,0.10656934306569343,685
2022,offense,epa_rush,UTEP,0.015817232689829964,326
2022,offense,epa_pass,UTEP,-0.15263975374779715,359
2022,offense,ypp,UTEP,5.547445255474453,685
2022,offense,comp,UTEP,0.5236686390532544,338
2022,offense,conv3,UTEP,0.38461538461538464,143
2022,offense,sack,UTEP,0.0584958217270195,359
2022,offense,int,UTEP,0.03254437869822485,338
2022,offense,turnover,UTEP,0.029197080291970802,685
2022,offense,stuffed,UTEP,0.1165644171779141,326
2022,offense,scoring,UTEP,0.3620689655172414,116
2022,defense,success,UTEP,0.45,620
2022,defense,explosive,UTEP,0.1435483870967742,620
2022,defense,epa_rush,UTEP,-0.03843758047968246,327
2022,defense,epa_pass,UTEP,0.2061633684714146,293
2022,defense,ypp,UTEP,5.974193548387097,620
2022,defense,comp,UTEP,0.5766423357664233,274
2022,defense,conv3,UTEP,0.3879310344827586,116
2022,defense,sack,UTEP,0.06484641638225255,293
2022,defense,int,UTEP,0.010948905109489052,274
2022,defense,turnover,UTEP,0.02903225806451613,620
2022,defense,stuffed,UTEP,0.1651376146788991,327
2022,defense,stop,UTEP,0.6293103448275862,116
2022,special_teams,fg,UTEP,0.9523809523809523,21
2022,special_teams,ko_cov,UTEP,3.8333333333333335,42
2022,special_teams,ko_ret,UTEP,0.24489795918367346,49
2022,special_teams,punt,UTEP,37.41935483870968,31
2022,special_teams,punt_ret,UTEP,35.628571428571426,35
2022,special_teams,fg_epa,UTEP,1.001822244553339,21
2022,special_teams,ko_epa,UTEP,-0.233318825562795,42
2022,special_teams,ko_ret_epa,UTEP,-0.007827492392792994,49
2022,special_teams,punt_epa,UTEP,-0.39983196027817264,31
2022,special_teams,punt_ret_epa,UTEP,0.35931157980646405,35
2022,offense,success,Utah,0.5445255474452555,685
2022,offense,explosive,Utah,0.13284671532846715,685
2022,offense,epa_rush,Utah,0.0738832333868534,378
2022,offense,epa_pass,Utah,0.16217359782510582,307
2022,offense,ypp,Utah,6.494890510948905,685
2022,offense,comp,Utah,0.6566666666666666,300
2022,offense,conv3,Utah,0.5080645161290323,124
2022,offense,sack,Utah,0.02280130293159609,307
2022,offense,int,Utah,0.013333333333333334,300
2022,offense,turnover,Utah,0.017518248175182483,685
2022,offense,stuffed,Utah,0.15079365079365079,378
2022,offense,scoring,Utah,0.5092592592592593,108
2022,defense,success,Utah,0.4203935599284436,559
2022,defense,explosive,Utah,0.14311270125223613,559
2022,defense,epa_rush,Utah,0.05353764560754069,252
2022,defense,epa_pass,Utah,-0.08147746709482777,307
2022,defense,ypp,Utah,6.071556350626118,559
2022,defense,comp,Utah,0.5949820788530465,279
2022,defense,conv3,Utah,0.34234234234234234,111
2022,defense,sack,Utah,0.09120521172638436,307
2022,defense,int,Utah,0.02867383512544803,279
2022,defense,turnover,Utah,0.028622540250447227,559
2022,defense,stuffed,Utah,0.18253968253968253,252
2022,defense,stop,Utah,0.7105263157894737,114
2022,special_teams,fg,Utah,0.6666666666666666,9
2022,special_teams,ko_cov,Utah,2.392857142857143,56
2022,special_teams,ko_ret,Utah,2.9210526315789473,38
2022,special_teams,punt,Utah,36.54545454545455,22
2022,special_teams,punt_ret,Utah,39.6,35
2022,special_teams,fg_epa,Utah,-0.5873034265306261,9
2022,special_teams,ko_epa,Utah,-0.16916268638202123,56
2022,special_teams,ko_ret_epa,Utah,0.2195005824691371,38
2022,special_teams,punt_epa,Utah,-0.2223040180450136,22
2022,special_teams,punt_ret_epa,Utah,0.22436264668192182,35
2022,offense,success,Utah State,0.403125,640
2022,offense,explosive,Utah State,0.090625,640
2022,offense,epa_rush,Utah State,-0.09149891062044231,363
2022,offense,epa_pass,Utah State,-0.1749498478982975,277
2022,offense,ypp,Utah State,4.8109375,640
2022,offense,comp,Utah State,0.55078125,256
2022,offense,conv3,Utah State,0.3188405797101449,138
2022,offense,sack,Utah State,0.07581227436823104,277
2022,offense,int,Utah State,0.03125,256
2022,offense,turnover,Utah State,0.0234375,640
2022,offense,stuffed,Utah State,0.1763085399449036,363
2022,offense,scoring,Utah State,0.26666666666666666,120
2022,defense,success,Utah State,0.42543171114599687,637
2022,defense,explosive,Utah State,0.14442700156985872,637
2022,defense,epa_rush,Utah State,0.1137657640331239,362
2022,defense,epa_pass,Utah State,-0.12936972644104697,275
2022,defense,ypp,Utah State,5.956043956043956,637
2022,defense,comp,Utah State,0.4961832061068702,262
2022,defense,conv3,Utah State,0.39849624060150374,133
2022,defense,sack,Utah State,0.04727272727272727,275
2022,defense,int,Utah State,0.03816793893129771,262
2022,defense,turnover,Utah State,0.02197802197802198,637
2022,defense,stuffed,Utah State,0.212707182320442,362
2022,defense,stop,Utah State,0.6293103448275862,116
2022,special_teams,fg,Utah State,0.6666666666666666,15
2022,special_teams,ko_cov,Utah State,0.7073170731707317,41
2022,special_teams,ko_ret,Utah State,1.607843137254902,51
2022,special_teams,punt,Utah State,38.42553191489362,47
2022,special_teams,punt_ret,Utah State,37.3421052631579,38
2022,special_teams,fg_epa,Utah State,-0.19757761160532633,15
2022,special_teams,ko_epa,Utah State,-0.02037291119738323,41
2022,special_teams,ko_ret_epa,Utah State,0.11236046342288747,51
2022,special_teams,punt_epa,Utah State,-0.15187606469113776,47
2022,special_teams,punt_ret_epa,Utah State,0.3067658469080925,38
2022,offense,success,Vanderbilt,0.43884892086330934,695
2022,offense,explosive,Vanderbilt,0.10647482014388489,695
2022,offense,epa_rush,Vanderbilt,-0.0098823376451423,377
2022,offense,epa_pass,Vanderbilt,-0.03131309790604082,318
2022,offense,ypp,Vanderbilt,5.78273381294964,695
2022,offense,comp,Vanderbilt,0.5700325732899023,307
2022,offense,conv3,Vanderbilt,0.410958904109589,146
2022,offense,sack,Vanderbilt,0.03459119496855346,318
2022,offense,int,Vanderbilt,0.019543973941368076,307
2022,offense,turnover,Vanderbilt,0.027338129496402876,695
2022,offense,stuffed,Vanderbilt,0.15119363395225463,377
2022,offense,scoring,Vanderbilt,0.3161764705882353,136
2022,defense,success,Vanderbilt,0.4869684499314129,729
2022,defense,explosive,Vanderbilt,0.13717421124828533,729
2022,defense,epa_rush,Vanderbilt,0.01672801304273395,342
2022,defense,epa_pass,Vanderbilt,0.27377404210036843,387
2022,defense,ypp,Vanderbilt,7.0480109739369,729
2022,defense,comp,Vanderbilt,0.6514745308310992,373
2022,defense,conv3,Vanderbilt,0.425531914893617,141
2022,defense,sack,Vanderbilt,0.03617571059431524,387
2022,defense,int,Vanderbilt,0.013404825737265416,373
2022,defense,turnover,Vanderbilt,0.01646090534979424,729
2022,defense,stuffed,Vanderbilt,0.16374269005847952,342
2022,defense,stop,Vanderbilt,0.5407407407407407,135
2022,special_teams,fg,Vanderbilt,0.6363636363636364,11
2022,special_teams,ko_cov,Vanderbilt,0.4339622641509434,53
2022,special_teams,ko_ret,Vanderbilt,0.8840579710144928,69
2022,special_teams,punt,Vanderbilt,40.58695652173913,46
2022,special_teams,punt_ret,Vanderbilt,39.4054054054054,37
2022,special_teams,fg_epa,Vanderbilt,-0.566202933138067,11
2022,special_teams,ko_epa,Vanderbilt,-0.00209305983669353,53
2022,special_teams,ko_ret_epa,Vanderbilt,0.05146614451339279,69
2022,special_teams,punt_epa,Vanderbilt,-0.06555136098809865,46
2022,special_teams,punt_ret_epa,Vanderbilt,0.2854848278535379,37
2022,offense,success,Virginia,0.44025157232704404,636
2022,offense,explosive,Virginia,0.11949685534591195,636
2022,offense,epa_rush,Virginia,0.00020034983513791114,282
2022,offense,epa_pass,Virginia,-0.21441899756404817,354
2022,offense,ypp,Virginia,5.537735849056604,636
2022,offense,comp,Virginia,0.5358255451713395,321
2022,offense,conv3,Virginia,0.3383458646616541,133
2022,offense,sack,Virginia,0.09322033898305085,354
2022,offense,int,Virginia,0.03426791277258567,321
2022,offense,turnover,Virginia,0.0330188679245283,636
2022,offense,stuffed,Virginia,0.14184397163120568,282
2022,offense,scoring,Virginia,0.25806451612903225,124
2022,defense,success,Virginia,0.44935805991440797,701
2022,defense,explosive,Virginia,0.09415121255349501,701
2022,defense,epa_rush,Virginia,-0.10134985874528836,362
2022,defense,epa_pass,Virginia,-0.08105735979239193,339
2022,defense,ypp,Virginia,5.185449358059914,701
2022,defense,comp,Virginia,0.6181229773462783,309
2022,defense,conv3,Virginia,0.3825503355704698,149
2022,defense,sack,Virginia,0.08849557522123894,339
2022,defense,int,Virginia,0.012944983818770227,309
2022,defense,turnover,Virginia,0.019971469329529243,701
2022,defense,stuffed,Virginia,0.09668508287292818,362
2022,defense,stop,Virginia,0.6535433070866141,127
2022,special_teams,fg,Virginia,0.6111111111111112,18
2022,special_teams,ko_cov,Virginia,2.6666666666666665,33
2022,special_teams,ko_ret,Virginia,5.0,46
2022,special_teams,punt,Virginia,33.471698113207545,53
2022,special_teams,punt_ret,Virginia,37.372549019607845,51
2022,special_teams,fg_epa,Virginia,-0.7312438090642294,18
2022,special_teams,ko_epa,Virginia,-0.17282269217751242,33
2022,special_teams,ko_ret_epa,Virginia,0.30361960245215375,46
2022,special_teams,punt_epa,Virginia,-0.6635333599065835,53
2022,special_teams,punt_ret_epa,Virginia,0.2885337775828792,51
2022,offense,success,Virginia Tech,0.41350210970464135,711
2022,offense,explosive,Virginia Tech,0.10548523206751055,711
2022,offense,epa_rush,Virginia Tech,-0.05520755311669843,339
2022,offense,epa_pass,Virginia Tech,-0.15720452506621124,372
2022,offense,ypp,Virginia Tech,5.023909985935302,711
2022,offense,comp,Virginia Tech,0.5730994152046783,342
2022,offense,conv3,Virginia Tech,0.33116883116883117,154
2022,offense,sack,Virginia Tech,0.08064516129032258,372
2022,offense,int,Virginia Tech,0.02631578947368421,342
2022,offense,turnover,Virginia Tech,0.02109704641350211,711
2022,offense,stuffed,Virginia Tech,0.16224188790560473,339
2022,offense,scoring,Virginia Tech,0.2323943661971831,142
2022,defense,success,Virginia Tech,0.4011220196353436,713
2022,defense,explosive,Virginia Tech,0.13604488078541374,713
2022,defense,epa_rush,Virginia Tech,-0.0002179894361833737,328
2022,defense,epa_pass,Virginia Tech,0.029417882642944215,385
2022,defense,ypp,Virginia Tech,5.830294530154278,713
2022,defense,comp,Virginia Tech,0.5851648351648352,364
2022,defense,conv3,Virginia Tech,0.33974358974358976,156
2022,defense,sack,Virginia Tech,0.05454545454545454,385
2022,defense,int,Virginia Tech,0.01098901098901099,364
2022,defense,turnover,Virginia Tech,0.0182328190743338,713
2022,defense,stuffed,Virginia Tech,0.22865853658536586,328
2022,defense,stop,Virginia Tech,0.6619718309859155,142
2022,special_teams,fg,Virginia Tech,0.75,12
2022,special_teams,ko_cov,Virginia Tech,2.7058823529411766,34
2022,special_teams,ko_ret,Virginia Tech,2.5660377358490565,53
2022,special_teams,punt,Virginia Tech,38.61904761904762,63
2022,special_teams,punt_ret,Virginia Tech,37.425925925925924,54
2022,special_teams,fg_epa,Virginia Tech,0.1366263429323832,12
2022,special_teams,ko_epa,Virginia Tech,-0.17766193256658666,34
2022,special_teams,ko_ret_epa,Virginia Tech,0.1414910802301371,53
2022,special_teams,punt_epa,Virginia Tech,-0.23711369056550283,63
2022,special_teams,punt_ret_epa,Virginia Tech,0.39812326100137496,54
2022,offense,success,Wake Forest,0.4854111405835544,754
2022,offense,explosive,Wake Forest,0.1246684350132626,754
2022,offense,epa_rush,Wake Forest,-0.10515131852428192,358
2022,offense,epa_pass,Wake Forest,0.21271551399552804,396
2022,offense,ypp,Wake Forest,6.220159151193634,754
2022,offense,comp,Wake Forest,0.6256830601092896,366
2022,offense,conv3,Wake Forest,0.4375,144
2022,offense,sack,Wake Forest,0.07575757575757576,396
2022,offense,int,Wake Forest,0.03551912568306011,366
2022,offense,turnover,Wake Forest,0.029177718832891247,754
2022,offense,stuffed,Wake Forest,0.19273743016759776,358
2022,offense,scoring,Wake Forest,0.4453125,128
2022,defense,success,Wake Forest,0.45041322314049587,726
2022,defense,explosive,Wake Forest,0.11707988980716254,726
2022,defense,epa_rush,Wake Forest,-0.048360871297967754,350
2022,defense,epa_pass,Wake Forest,0.033376015476892444,376
2022,defense,ypp,Wake Forest,5.651515151515151,726
2022,defense,comp,Wake Forest,0.5873925501432665,349
2022,defense,conv3,Wake Forest,0.41358024691358025,162
2022,defense,sack,Wake Forest,0.07180851063829788,376
2022,defense,int,Wake Forest,0.017191977077363897,349
2022,defense,turnover,Wake Forest,0.024793388429752067,726
2022,defense,stuffed,Wake Forest,0.18,350
2022,defense,stop,Wake Forest,0.6412213740458015,131
2022,special_teams,fg,Wake Forest,0.8333333333333334,12
2022,special_teams,ko_cov,Wake Forest,0.835820895522388,67
2022,special_teams,ko_ret,Wake Forest,2.2115384615384617,52
2022,special_teams,punt,Wake Forest,41.303030303030305,33
2022,special_teams,punt_ret,Wake Forest,37.0,43
2022,special_teams,fg_epa,Wake Forest,0.18024115761121115,12
2022,special_teams,ko_epa,Wake Forest,-0.05248650952951232,67
2022,special_teams,ko_ret_epa,Wake Forest,0.17479081451892853,52
2022,special_teams,punt_epa,Wake Forest,-0.069455779411576,33
2022,special_teams,punt_ret_epa,Wake Forest,0.35611612367075546,43
2022,offense,success,Washington,0.5513513513513514,740
2022,offense,explosive,Washington,0.11891891891891893,740
2022,offense,epa_rush,Washington,0.11696336420404463,295
2022,offense,epa_pass,Washington,0.3737839745118528,445
2022,offense,ypp,Washington,7.017567567567568,740
2022,offense,comp,Washington,0.6666666666666666,438
2022,offense,conv3,Washington,0.5899280575539568,139
2022,offense,sack,Washington,0.015730337078651686,445
2022,offense,int,Washington,0.0136986301369863,438
2022,offense,turnover,Washington,0.016216216216216217,740
2022,offense,stuffed,Washington,0.1423728813559322,295
2022,offense,scoring,Washington,0.5871559633027523,109
2022,defense,success,Washington,0.4984709480122324,654
2022,defense,explosive,Washington,0.12844036697247707,654
2022,defense,epa_rush,Washington,0.07007370954710465,331
2022,defense,epa_pass,Washington,0.2164224402942411,323
2022,defense,ypp,Washington,5.98776758409786,654
2022,defense,comp,Washington,0.6430976430976431,297
2022,defense,conv3,Washington,0.48872180451127817,133
2022,defense,sack,Washington,0.0804953560371517,323
2022,defense,int,Washington,0.016835016835016835,297
2022,defense,turnover,Washington,0.019877675840978593,654
2022,defense,stuffed,Washington,0.14501510574018128,331
2022,defense,stop,Washington,0.616822429906542,107
2022,special_teams,fg,Washington,0.8823529411764706,17
2022,special_teams,ko_cov,Washington,0.9436619718309859,71
2022,special_teams,ko_ret,Washington,2.7058823529411766,51
2022,special_teams,punt,Washington,34.78947368421053,19
2022,special_teams,punt_ret,Washington,42.241379310344826,29
2022,special_teams,fg_epa,Washington,0.42341439162983613,17
2022,special_teams,ko_epa,Washington,-0.032191964102462986,71
2022,special_teams,ko_ret_epa,Washington,0.17670573440252565,51
2022,special_teams,punt_epa,Washington,-0.5897212185357746,19
2022,special_teams,punt_ret_epa,Washington,-0.12499173807686773,29
2022,offense,success,Washington State,0.46153846153846156,585
2022,offense,explosive,Washington State,0.12307692307692308,585
2022,offense,epa_rush,Washington State,0.08344661830183238,208
2022,offense,epa_pass,Washington State,-0.028704480709389624,377
2022,offense,ypp,Washington State,6.088888888888889,585
2022,offense,comp,Washington State,0.6428571428571429,350
2022,offense,conv3,Washington State,0.39473684210526316,114
2022,offense,sack,Washington State,0.07161803713527852,377
2022,offense,int,Washington State,0.017142857142857144,350
2022,offense,turnover,Washington State,0.018803418803418803,585
2022,offense,stuffed,Washington State,0.21153846153846154,208
2022,offense,scoring,Washington State,0.3486238532110092,109
2022,defense,success,Washington State,0.4278688524590164,610
2022,defense,explosive,Washington State,0.12459016393442623,610
2022,defense,epa_rush,Washington State,-0.071248055659441,280
2022,defense,epa_pass,Washington State,-0.02164187059348758,330
2022,defense,ypp,Washington State,5.377049180327869,610
2022,defense,comp,Washington State,0.6270627062706271,303
2022,defense,conv3,Washington State,0.31746031746031744,126
2022,defense,sack,Washington State,0.08181818181818182,330
2022,defense,int,Washington State,0.019801980198019802,303
2022,defense,turnover,Washington State,0.021311475409836064,610
2022,defense,stuffed,Washington State,0.21428571428571427,280
2022,defense,stop,Washington State,0.7272727272727273,110
2022,special_teams,fg,Washington State,0.7777777777777778,9
2022,special_teams,ko_cov,Washington State,1.9090909090909092,44
2022,special_teams,ko_ret,Washington State,1.2820512820512822,39
2022,special_teams,punt,Washington State,39.30769230769231,39
2022,special_teams,punt_ret,Washington State,38.0,44
2022,special_teams,fg_epa,Washington State,-0.08677180608113606,9
2022,special_teams,ko_epa,Washington State,-0.13385054469108582,44
2022,special_teams,ko_ret_epa,Washington State,0.07003736343139257,39
2022,special_teams,punt_epa,Washington State,-0.03923345949405279,39
2022,special_teams,punt_ret_epa,Washington State,0.22040849094363776,44
2022,offense,success,West Virginia,0.4806924101198402,751
2022,offense,explosive,West Virginia,0.11584553928095873,751
2022,offense,epa_rush,West Virginia,0.03388743769924219,353
2022,offense,epa_pass,West Virginia,0.11864460862147175,398
2022,offense,ypp,West Virginia,5.786950732356858,751
2022,offense,comp,West Virginia,0.6161879895561357,383
2022,offense,conv3,West Virginia,0.45454545454545453,154
2022,offense,sack,West Virginia,0.03768844221105527,398
2022,offense,int,West Virginia,0.020887728459530026,383
2022,offense,turnover,West Virginia,0.022636484687083888,751
2022,offense,stuffed,West Virginia,0.17563739376770537,353
2022,offense,scoring,West Virginia,0.44144144144144143,111
2022,defense,success,West Virginia,0.4675716440422323,663
2022,defense,explosive,West Virginia,0.13725490196078433,663
2022,defense,epa_rush,West Virginia,0.028697486916946614,325
2022,defense,epa_pass,West Virginia,0.16863424285177814,338
2022,defense,ypp,West Virginia,6.413273001508296,663
2022,defense,comp,West Virginia,0.6056782334384858,317
2022,defense,conv3,West Virginia,0.3769230769230769,130
2022,defense,sack,West Virginia,0.0621301775147929,338
2022,defense,int,West Virginia,0.00946372239747634,317
2022,defense,turnover,West Virginia,0.015082956259426848,663
2022,defense,stuffed,West Virginia,0.17846153846153845,325
2022,defense,stop,West Virginia,0.5508474576271186,118
2022,special_teams,fg,West Virginia,1.0,13
2022,special_teams,ko_cov,West Virginia,6.767857142857143,56
2022,special_teams,ko_ret,West Virginia,3.4035087719298245,57
2022,special_teams,punt,West Virginia,41.666666666666664,30
2022,special_teams,punt_ret,West Virginia,31.794117647058822,34
2022,special_teams,fg_epa,West Virginia,0.5233954741404607,13
2022,special_teams,ko_epa,West Virginia,-0.47371882625988554,56
2022,special_teams,ko_ret_epa,West Virginia,0.2176415104615061,57
2022,special_teams,punt_epa,West Virginia,0.14677566885948182,30
2022,special_teams,punt_ret_epa,West Virginia,0.6324174364700037,34
2022,offense,success,Western Kentucky,0.4949640287769784,695
2022,offense,explosive,Western Kentucky,0.1510791366906475,695
2022,offense,epa_rush,Western Kentucky,-0.04040550253807126,280
2022,offense,epa_pass,Western Kentucky,0.21296939371705897,415
2022,offense,ypp,Western Kentucky,7.16115107913669,695
2022,offense,comp,Western Kentucky,0.6822660098522167,406
2022,offense,conv3,Western Kentucky,0.425,120
2022,offense,sack,Western Kentucky,0.021686746987951807,415
2022,offense,int,Western Kentucky,0.017241379310344827,406
2022,offense,turnover,Western Kentucky,0.02014388489208633,695
2022,offense,stuffed,Western Kentucky,0.1392857142857143,280
2022,offense,scoring,Western Kentucky,0.45901639344262296,122
2022,defense,success,Western Kentucky,0.4422809457579972,719
2022,defense,explosive,Western Kentucky,0.09318497913769123,719
2022,defense,epa_rush,Western Kentucky,-0.017549937676500416,349
2022,defense,epa_pass,Western Kentucky,-0.16239586201258993,370
2022,defense,ypp,Western Kentucky,5.13490959666203,719
2022,defense,comp,Western Kentucky,0.6005747126436781,348
2022,defense,conv3,Western Kentucky,0.3586206896551724,145
2022,defense,sack,Western Kentucky,0.05945945945945946,370
2022,defense,int,Western Kentucky,0.04885057471264368,348
2022,defense,turnover,Western Kentucky,0.03894297635605007,719
2022,defense,stuffed,Western Kentucky,0.1518624641833811,349
2022,defense,stop,Western Kentucky,0.7238805970149254,134
2022,special_teams,fg,Western Kentucky,0.7857142857142857,14
2022,special_teams,ko_cov,Western Kentucky,0.265625,64
2022,special_teams,ko_ret,Western Kentucky,3.230769230769231,39
2022,special_teams,punt,Western Kentucky,41.827586206896555,29
2022,special_teams,punt_ret,Western Kentucky,40.357142857142854,42
2022,special_teams,fg_epa,Western Kentucky,0.21286725997924805,14
2022,special_teams,ko_epa,Western Kentucky,-0.004948540590703487,64
2022,special_teams,ko_ret_epa,Western Kentucky,0.22167906088706774,39
2022,special_teams,punt_epa,Western Kentucky,-0.00037965075723056133,29
2022,special_teams,punt_ret_epa,Western Kentucky,0.06070233579902422,42
2022,offense,success,Western Michigan,0.39162929745889385,669
2022,offense,explosive,Western Michigan,0.10762331838565023,669
2022,offense,epa_rush,Western Michigan,-0.05813286633922535,341
2022,offense,epa_pass,Western Michigan,-0.20152771136287245,328
2022,offense,ypp,Western Michigan,5.0807174887892375,669
2022,offense,comp,Western Michigan,0.5119453924914675,293
2022,offense,conv3,Western Michigan,0.3422818791946309,149
2022,offense,sack,Western Michigan,0.10670731707317073,328
2022,offense,int,Western Michigan,0.051194539249146756,293
2022,offense,turnover,Western Michigan,0.04035874439461883,669
2022,offense,stuffed,Western Michigan,0.1495601173020528,341
2022,offense,scoring,Western Michigan,0.25,136
2022,defense,success,Western Michigan,0.4892638036809816,652
2022,defense,explosive,Western Michigan,0.13650306748466257,652
2022,defense,epa_rush,Western Michigan,-0.034461735573765834,349
2022,defense,epa_pass,Western Michigan,0.01993425345760824,303
2022,defense,ypp,Western Michigan,6.29601226993865,652
2022,defense,comp,Western Michigan,0.6280701754385964,285
2022,defense,conv3,Western Michigan,0.37404580152671757,131
2022,defense,sack,Western Michigan,0.0594059405940594,303
2022,defense,int,Western Michigan,0.02456140350877193,285
2022,defense,turnover,Western Michigan,0.027607361963190184,652
2022,defense,stuffed,Western Michigan,0.12320916905444126,349
2022,defense,stop,Western Michigan,0.6343283582089553,134
2022,special_teams,fg,Western Michigan,0.6470588235294118,17
2022,special_teams,ko_cov,Western Michigan,6.4186046511627906,43
2022,special_teams,ko_ret,Western Michigan,1.88,50
2022,special_teams,punt,Western Michigan,38.68181818181818,44
2022,special_teams,punt_ret,Western Michigan,36.486486486486484,37
2022,special_teams,fg_epa,Western Michigan,-0.5004085021860459,17
2022,special_teams,ko_epa,Western Michigan,-0.4164524979369585,43
2022,special_teams,ko_ret_epa,Western Michigan,0.11834298968315124,50
2022,special_teams,punt_epa,Western Michigan,-0.2971869558095932,44
2022,special_teams,punt_ret_epa,Western Michigan,0.22684349441850507,37
2022,offense,success,Wisconsin,0.4727272727272727,605
2022,offense,explosive,Wisconsin,0.11239669421487604,605
2022,offense,epa_rush,Wisconsin,0.07286675737749172,350
2022,offense,epa_pass,Wisconsin,-0.05967292611837534,255
2022,offense,ypp,Wisconsin,6.148760330578512,605
2022,offense,comp,Wisconsin,0.575107296137339,233
2022,offense,conv3,Wisconsin,0.4180327868852459,122
2022,offense,sack,Wisconsin,0.08627450980392157,255
2022,offense,int,Wisconsin,0.03862660944206009,233
2022,offense,turnover,Wisconsin,0.019834710743801654,605
2022,offense,stuffed,Wisconsin,0.14857142857142858,350
2022,offense,scoring,Wisconsin,0.375,120
2022,defense,success,Wisconsin,0.40217391304347827,644
2022,defense,explosive,Wisconsin,0.09782608695652174,644
2022,defense,epa_rush,Wisconsin,-0.13309029887870266,328
2022,defense,epa_pass,Wisconsin,-0.09828460471569479,316
2022,defense,ypp,Wisconsin,4.895962732919255,644
2022,defense,comp,Wisconsin,0.5945017182130584,291
2022,defense,conv3,Wisconsin,0.3591549295774648,142
2022,defense,sack,Wisconsin,0.07911392405063292,316
2022,defense,int,Wisconsin,0.054982817869415807,291
2022,defense,turnover,Wisconsin,0.027950310559006212,644
2022,defense,stuffed,Wisconsin,0.21341463414634146,328
2022,defense,stop,Wisconsin,0.7459016393442623,122
2022,special_teams,fg,Wisconsin,0.7272727272727273,11
2022,special_teams,ko_cov,Wisconsin,-0.3392857142857143,56
2022,special_teams,ko_ret,Wisconsin,3.3333333333333335,39
2022,special_teams,punt,Wisconsin,36.785714285714285,42
2022,special_teams,punt_ret,Wisconsin,40.35294117647059,51
2022,special_teams,fg_epa,Wisconsin,-0.31721293926239014,11
2022,special_teams,ko_epa,Wisconsin,0.057242625526019504,56
2022,special_teams,ko_ret_epa,Wisconsin,0.2472810026926872,39
2022,special_teams,punt_epa,Wisconsin,-0.2736741535010792,42
2022,special_teams,punt_ret_epa,Wisconsin,0.09654597149175756,51
2022,offense,success,Wyoming,0.4320785597381342,611
2022,offense,explosive,Wyoming,0.1276595744680851,611
2022,offense,epa_rush,Wyoming,0.03645672522891682,366
2022,offense,epa_pass,Wyoming,-0.21930111651716358,245
2022,offense,ypp,Wyoming,5.412438625204583,611
2022,offense,comp,Wyoming,0.5324675324675324,231
2022,offense,conv3,Wyoming,0.36764705882352944,136
2022,offense,sack,Wyoming,0.05714285714285714,245
2022,offense,int,Wyoming,0.03463203463203463,231
2022,offense,turnover,Wyoming,0.024549918166939442,611
2022,offense,stuffed,Wyoming,0.1557377049180328,366
2022,offense,scoring,Wyoming,0.3360655737704918,122
2022,defense,success,Wyoming,0.4318840579710145,690
2022,defense,explosive,Wyoming,0.11159420289855072,690
2022,defense,epa_rush,Wyoming,0.05813384161296161,326
2022,defense,epa_pass,Wyoming,-0.018651137309241863,364
2022,defense,ypp,Wyoming,5.527536231884058,690
2022,defense,comp,Wyoming,0.6024096385542169,332
2022,defense,conv3,Wyoming,0.40397350993377484,151
2022,defense,sack,Wyoming,0.08791208791208792,364
2022,defense,int,Wyoming,0.018072289156626505,332
2022,defense,turnover,Wyoming,0.015942028985507246,690
2022,defense,stuffed,Wyoming,0.13190184049079753,326
2022,defense,stop,Wyoming,0.6885245901639344,122
2022,special_teams,fg,Wyoming,0.8636363636363636,22
2022,special_teams,ko_cov,Wyoming,0.7659574468085106,47
2022,special_teams,ko_ret,Wyoming,4.659574468085107,47
2022,special_teams,punt,Wyoming,38.829787234042556,47
2022,special_teams,punt_ret,Wyoming,40.68292682926829,41
2022,special_teams,fg_epa,Wyoming,0.37346537004817615,22
2022,special_teams,ko_epa,Wyoming,-0.04007363446215366,47
2022,special_teams,ko_ret_epa,Wyoming,0.31960604419099525,47
2022,special_teams,punt_epa,Wyoming,-0.21752848143273212,47
2022,special_teams,punt_ret_epa,Wyoming,0.08790594175821398,41
